ID,Answer
0,勤制服
1,《諸羅縣志》
2,袁晁
3,柏林陸軍學院
4,雙方平局
5,田漢
6,1884年
7,西漢的版圖向西擴張
8,雪梨
9,[PAD]
10,周星馳
11,三中老
12,無障礙環境
13,anticipation
14,2004年
15,二氧化硫可以在肺中與水結合成亞硫酸，亞硫酸可以導致肺出血和窒息。硫化氫
16,華萊士
17,外面的部份溫度會比內部核心的低
18,經濟
19,100公里
20,愛爾蘭語
21,荷蘭
22,硫磺
23,塞爾維亞反對黨
24,1910年代
25,外交活動
26,拉丁文
27,猶太基督徒
28,1974年
29,霍克菲爾德
30,受害學校
31,金驢記
32,灣仔
33,萬生石塘嶼
34,霍布斯的初衷
35,1964年
36,新北市
37,小白宮
38,沒有
39,南人
40,宋端宗
41,四千名
42,46億年
43,1070年
44,國民養老保險法
45,水上報告廳
46,1929年
47,航天技術
48,1932年
49,自大型購物中心[UNK]開幕
50,康熙帝
51,強學堂
52,1960年代
53,版圖幾乎沒有變動
54,紐約市
55,基督教
56,預覽阿爾法版本
57,100萬
58,新北市
59,賓拉登死亡之事
60,路易十五
61,中國國民黨
62,三疊紀
63,卡洛斯三世
64,熱帶雨林氣候
65,由於夫餘對漢軍的援助
66,蔣中正
67,清代
68,[PAD]
69,弘治十二年
70,亞洲
71,1996年
72,德意志聯邦共和國
73,氦
74,西班牙人入侵納瓦爾
75,交通運輸部
76,高麗大學校主樓
77,張三祿
78,羽柴秀吉
79,俾斯麥
80,金泳三
81,1958年
82,靈魂
83,科龍港
84,蓋爾人
85,十二平均律
86,西漢元封二年
87,隋滅南陳
88,佛教
89,1861年
90,豐臣秀吉
91,三吳地區
92,俄國
93,大躍進運動
94,武漢水利電力大學
95,蘇利南
96,1934年
97,檸檬酸咖啡因療法
98,1913年
99,1949年
100,大象
101,1915年
102,1000年至1600年
103,有絲分裂
104,美國
105,高盧帝國
106,仁祖
107,十個
108,佛學論書
109,臺中高農
110,下薩克森邦
111,三天
112,1944年
113,安娜·德·薩伏伊皇后
114,咸豐帝
115,哈林河
116,孟加拉
117,男中音
118,中原
119,60％
120,威廉·洛厄爾·普特南
121,中華人民共和國主席
122,德國人
123,陳寅恪
124,被刺殺
125,困難重重
126,二千九百公尺
127,1939年
128,害怕德軍在東線戰線上沒有足夠兵力應付俄國
129,林家
130,用來運貨
131,公民權
132,西人黨
133,2013年
134,臺北
135,查莫洛人
136,杭縣
137,蘇聯國旗
138,兩波
139,1941年
140,多腔磁控管雷達技術
141,點石齋畫報
142,南越地區
143,1988年
144,上吊方式
145,吉米卡特
146,吳有性
147,《布告各省公啟》
148,阿拉里克
149,德蘇戰爭
150,髒層
151,工業國家
152,1949年
153,最終解決德國問題條約
154,清光緒十七年
155,雕像
156,由副總統李宗仁「代行」總統職權，李於1月21日正式接任中華民國代總統。中華民國政府因國共內戰戰況失利
157,65000平方公里
158,乙醚
159,唐太宗
160,卡爾梅克人
161,1969年11月12日
162,63位
163,副大法官
164,古代
165,盧安達語
166,填海造地
167,蔣中正
168,農民
169,網景通訊公司
170,9月1日
171,1999年
172,《天淨沙》
173,七十年代
174,公元68年
175,趙佗
176,莎草紙
177,岑智明
178,[PAD]
179,前362年
180,創建強力政府
181,28歲
182,2000年10月
183,保加利亞
184,避免了很多可能發生的火災
185,10度
186,社會黨
187,西歐
188,波士頓
189,1992年
190,下旋球
191,屯田兵制度
192,明朝
193,文藝復興
194,2000年
195,2012年
196,道縣玉蟾岩
197,德兩國海軍
198,森林
199,阿森納女子足球俱樂部
200,中國經濟
201,居民
202,1920年
203,深圳特區貨幣
204,多倫多
205,在列車前面拉動
206,彌爾
207,中央情報局
208,艾瑪·史東
209,在時域上數學形式為連續函式的訊號
210,北魏
211,亞歷山大一世
212,威尼斯影展
213,清涼
214,新北市
215,聯盟合作
216,甲午戰爭
217,克孜勒
218,一線工作
219,歷史是人民寫的
220,美觀
221,中部科學園區
222,西部地區
223,1982年
224,1428年
225,天子
226,2500米
227,國立廣東大學
228,美國發明家
229,2006年
230,沒有
231,《人體器官移植條例
232,1262年
233,增加米、糖等農作物產量
234,三倍
235,一旦耗盡了核心的氫燃料，質量大於0.4太陽質量
236,颱風
237,2016年
238,1973年
239,韓國
240,第一所美式大學
241,鋁土礦
242,萬神廟
243,阿美族
244,黑死病
245,2007年
246,赫爾伯特·查普曼
247,據傳在與比提尼亞國王的性行為中處於被動地位
248,2009年
249,芝加哥公牛隊
250,溥[UNK]
251,副主席
252,決勝局必定是單數局
253,廣東省政府委員會
254,韓國遊戲
255,1951年
256,漢語拼音方案
257,1984年
258,高架車站
259,下薩克森邦
260,法蘭西第二帝國
261,工資
262,全勝
263,操作人員負責
264,哥白尼日心說
265,濃度低
266,光緒
267,明朝
268,1848年
269,1954年
270,1997年
271,[PAD]
272,《南華早報》
273,可以麻痺嗅覺神經
274,佛像
275,阿聯
276,交通基建
277,步兵師
278,平戶
279,以天狼星在東方地平線的出現
280,工作心肌細胞
281,1961年
282,德語地區
283,離島機場
284,1237年
285,東羅馬
286,晉恭帝
287,德國
288,美國律師協會
289,1654年
290,唐代
291,燕慕容[UNK]
292,胡安·林茲
293,日本
294,1998年1月1日
295,恆星
296,孟懷玉
297,鈣離子
298,383年
299,羅納爾迪尼奧
300,慕容垂
301,火山活動
302,利奧三世
303,[PAD]
304,要提升飛機的飛行安全
305,丁基羥基甲苯
306,中緬大戰
307,斯德哥爾摩
308,第三紀中新世
309,中華民國
310,高麗時期
311,靳雲鵬
312,1958年
313,南極條約協商會議
314,1083種
315,曹魏故都智慧之旅
316,亞德港
317,發生了布爾什維克革命
318,金本位制度
319,邊沁
320,紅色
321,1928年
322,商品期貨
323,十多個
324,300美元
325,楊宇霆
326,[PAD]
327,元世祖
328,混合動力自行車
329,數學
330,亞熱帶
331,經濟
332,沒有流音
333,朱一貴
334,農業
335,重新發球
336,銃炮
337,1961年
338,1980年
339,凱·艾維
340,[UNK]人國
341,1980年
342,耶柔米自希伯來文
343,第四心音
344,2015年
345,武漢
346,1868年
347,托土拉島
348,英國
349,倫敦大學
350,1970年代
351,岡仁波齊峰
352,1973年
353,突厥
354,三菱重工業長崎造船廠
355,南斯拉夫社會主義聯邦共和國
356,民主制度的恢復
357,硫礦
358,大洋洲諸民族與澳洲人種間的共同關係
359,忽必烈
360,中國
361,2004年
362,拉直
363,俄國
364,1970年
365,韓國
366,維京戈達島
367,1956年
368,史都華中校
369,1910年
370,突厥
371,當金朝遷都並將要滅亡之際，中亞新興大國花剌子模在沙阿摩訶末時期崛起，該國訛答剌地方大臣海兒汗亦納勒術前後兩次屠殺蒙古商隊並侮辱蒙古使臣
372,1988年
373,2011年
374,地球優先
375,巴爾的摩市
376,中華民國政府
377,社團部
378,認為伊迪絲分散了托爾金對學業的注意力
379,電子郵件
380,孔子
381,楊浦區
382,2005年
383,中國對處決犯人一直採取保密的措施
384,貝拉明
385,60年代
386,雙循環泵功能
387,1836年
388,國內市場狹小
389,32年
390,為迅速取得西線勝利
391,下薩克森邦幅員遼闊
392,縣體制
393,速度上的優勢
394,國家起源說
395,路易·巴斯德
396,中部科學園區
397,宣統三年
398,1991年
399,三國史記》
400,第二次工業革命
401,突厥語
402,哈雷阿卡拉國家公園
403,約翰·坎貝爾
404,8小時
405,樂壇女王
406,民國16年
407,國立廣東大學
408,亞伯拉罕諸教
409,六億七千多萬美金
410,妖怪
411,專家
412,佛蘭芒語
413,空氣
414,非常混亂
415,阿爾泰語系
416,皇太極
417,信陽
418,000名
419,美國空軍
420,質量
421,科學
422,媽祖
423,鮑德溫伯爵
424,計劃委員會
425,15米
426,蘇丹
427,雲騎尉
428,八公分
429,2005年
430,恆星
431,那拉氏
432,辛酉政變
433,礦物
434,統一企業
435,2456293.520833
436,生物學研究
437,陳誠
438,孫中山
439,與德國單獨媾和
440,德國工業
441,九一八事變
442,1978年
443,天皇
444,731美元
445,伊利諾伊州卡霍基亞土墩遺址
446,嘉義市
447,對保護農業生產
448,肺呼氣機制
449,五角星
450,君士坦提烏斯
451,航海貿易中心
452,威悉河隧道
453,禁止通行
454,中國共產黨中央政治局常務委員會
455,1945年
456,一條簡單的直線
457,236路
458,盟旗制
459,臺南州
460,布朗茜
461,南緯30度
462,1867年
463,雙打比賽
464,中華人民共和國
465,保守派
466,網景公司
467,《全唐詩》
468,1912年
469,1982年
470,七年
471,奧地利
472,貝爾實驗室
473,陳奕迅
474,吳三連
475,1917年
476,米勒
477,金正恩生日1月8日
478,掃雷艇部隊
479,海都之亂
480,多黨制
481,民國9年
482,80年代
483,古典時期
484,東晉時期
485,線傳飛控
486,光明星4號
487,烏孜別克人
488,2555公里
489,第一次國共內戰
490,華麗城
491,茲維亞德·加姆薩胡爾季阿
492,列車車廂分別有單節和多節編組的設計，但是總長度一般不大於100米，以避免造成路口交通不暢
493,小口徑速射炮
494,荀子
495,清朝
496,7年
497,302站
498,可以有多部電腦介入飛控系統操作
499,中國政法大學
500,瑪黛茶
501,二戰時期
502,鈉鹽
503,江戶時代
504,民國4年
505,西格里
506,1992年
507,軍政
508,貝爾根
509,太白
510,朱棣
511,十億韓國」戰略
512,低稅賦
513,小選舉區制
514,科索沃
515,反對資產階級自由化
516,自由放任
517,工業發酵
518,四年
519,段祺瑞
520,湯瑪斯伊格頓
521,新店
522,1925年
523,蝸頂
524,1950年代
525,千分之三
526,操作人員
527,1975年
528,氫硫酸
529,國家經濟
530,為了使編輯長頁面更容易
531,黨費
532,配子就是生物體用來進行有性生殖的細胞。配子
533,經濟建設
534,《中華民國臨時政府組織大綱》
535,港式酒樓
536,社會政治運動
537,帕吉勒提河
538,西南美麗的地方
539,天」的至高無上
540,開羅
541,2013年
542,林紹良
543,1955年
544,運輸局
545,前一世紀
546,柵欄
547,1910年
548,老虎
549,狄拉克
550,唐玄宗
551,健康寫實電影
552,1956年7月
553,天狼星
554,中生代
555,伊爾庫茨克國立大學
556,鐵木真
557,23406人
558,1789年
559,兩個
560,臺灣省臺北市
561,日治時期
562,藝聲
563,馬[UNK]
564,總兵官
565,《金驢記》
566,世界首條
567,漢風魏韻
568,自然科學研究
569,環境問題
570,英國
571,唐文宗
572,轟炸機
573,都卜勒效應
574,中國大陸
575,中世紀
576,耳蝸核
577,劉義宣
578,18個
579,至元三十年
580,保守派
581,南海，東南到達東海中的澎湖列島
582,陶瓷
583,1980年
584,俄國宣戰；並向法國
585,西佛羅里達
586,1997年
587,西北軍務
588,9年的免費教育，其中6年小學，其後是為前3年
589,聖母大學
590,1941年
591,101公里
592,國務院常務會議
593,20倍
594,喬治亞共和國
595,1943年
596,全面性
597,橫位
598,未指明屬聯邦政府之權力
599,韓國
600,氯仿
601,希臘裔族群
602,瀕危物種
603,越戰
604,公民權
605,可再生能源發電
606,極端大陸性氣候
607,金華
608,1928年
609,法國電信
610,霍布斯
611,1897年
612,中山盛產海鹽
613,華北財經辦事處
614,市場分析
615,上海南站
616,2001年
617,家庭喜劇片
618,反對同性婚姻者
619,男子
620,反對建文帝削藩
621,建築學院
622,朱熹
623,6
624,傳播色情
625,植物
626,大連
627,第五區
628,最古老的活躍軍事單位
629,1983年
630,漢武帝
631,關東地方是韓國東部大關嶺以東地區
632,周恩來
633,巴黎聖母院
634,西方文明開始衝擊朝鮮半島
635,常[UNK]
636,1936年
637,預言
638,非商用
639,五桂山
640,枇杷
641,嘉義市
642,一級產業
643,29個
644,31年
645,10月23日
646,《希臘、羅馬名人傳》
647,固有詞
648,第二次世界大戰
649,5000噸級
650,君士坦丁堡城
651,2015年年底
652,古漢語
653,22年
654,阿列克修斯·杜卡斯
655,亞拉里克一世
656,喜馬拉雅山脈
657,1937年
658,1964年
659,16世紀
660,油氣開發
661,高度
662,明孝宗
663,喀喇汗國
664,第一區
665,1925年
666,照射紫外線
667,九一八事變
668,春秋
669,對大自然的崇拜
670,馬祖
671,1990年
672,牟定縣
673,尼布楚條約
674,中央窩
675,利奧三世
676,殖民主義
677,奧德
678,30米
679,2000公厘
680,自主性
681,喬治麥克萊倫
682,赤城鎮政府街
683,纖維心包
684,羅非魚
685,潘普洛納
686,法國阿爾卑斯山礦泉
687,1851年
688,《臺灣府志》
689,埃及
690,第八位
691,雙方在一盤中戰至6比6
692,39年
693,河南省郵電印刷廠
694,傑伊條約
695,超新星
696,全斗煥
697,2007年
698,小熊
699,索馬利亞政府司法系統
700,420年
701,軍隊編制問題
702,丁日昌
703,韓國
704,1980年代
705,何韻詩
706,1927年
707,畢達哥拉斯
708,2009年
709,湘西土家族苗族自治州
710,許貢
711,少
712,孝文帝
713,西寧王李定國
714,22條
715,公共健康與醫學領域
716,《新基本法令
717,1962年
718,洪武三十一年
719,共產黨
720,奧匈帝國
721,稱汗
722,白矮星
723,咖啡因
724,司馬元顯
725,階梯狀
726,泉漳
727,6個小時
728,1651年
729,憲法
730,呂驥
731,90年代
732,金日成
733,第5
734,莫里斯
735,西班牙瓦倫西亞
736,1787年
737,朱元璋
738,復仇
739,1898年
740,守舊派
741,古巴國
742,端敬王
743,中生代
744,約瑟夫史達林
745,共產黨
746,從未修改國會選區
747,抑制人口增加而實行的計劃生育
748,蘇聯遠東軍
749,內閣
750,福建社團聯會
751,水委一
752,用處急遽減少
753,華人富有
754,5～8％
755,日本
756,分子雲內部
757,鮮卑部落
758,法蘭西人
759,1918年
760,1939年
761,旅長
762,巴黎條約
763,1970年
764,威斯康辛大學麥迪遜分校
765,乾燥
766,麻赫穆德·喀什噶里
767,奢侈品
768,資格賽賽制
769,周貽庚
770,民國16年
771,15世紀
772,三監之亂
773,周恩來
774,馬略
775,至元十三年
776,不祥之兆
777,1970年代
778,圖西族
779,聖餐持紀念說
780,非暴力實踐空腹死刑
781,《三國志》
782,席澤宗
783,長沙太守
784,熱遲滯
785,1978年
786,上海
787,比利時
788,濃硫酸
789,亞里士多德提出的經驗主義
790,兄弟國的盟約
791,2011年
792,硫礦
793,1979年
794,義大利
795,農業
796,卡拉恰伊湖
797,宋理宗趙昀
798,汪達爾人
799,臺北
800,共和黨
801,日本
802,二戰的爆發
803,1976年
804,上海
805,1949年
806,麻省理工學院
807,階級社會
808,1920年代
809,部隊局
810,1449年
811,1970年
812,隆武帝
813,第一次世界大戰
814,孫叔敖
815,托爾金
816,雙汗制
817,78歲
818,半軍事
819,中華全國體育總會
820,恆星自轉導
821,人文關懷
822,1956年
823,《產假和保護婦女兒童權利法
824,軍閥混戰
825,中國共產黨解放軍
826,夫餘國
827,人民頻繁的遷移
828,四世紀
829,對境外落地的信號實施地面頻道干擾
830,削弱
831,俄國
832,1979年
833,[PAD]
834,蘇區
835,西區門戶計畫
836,曆法
837,1940年
838,妖怪學
839,1987年
840,待在社福機構
841,汾河
842,漢卿
843,湯玉麟
844,陳平順
845,主序帶
846,羅貝爾
847,只有整個站體都位於天橋上的車站
848,1955年
849,使用否決權
850,金石並用時代
851,天皇
852,1942年
853,德國人
854,2013年
855,羅馬帝國
856,分子雲
857,外邦人
858,生物演化發生
859,1987年
860,韓國
861,王孝通
862,哈比亞利馬納
863,法文老師
864,阿瓦魯阿
865,馬麒
866,基因特質
867,印地語
868,貝拉明
869,乾隆
870,八公分
871,過渡期
872,民國43年
873,地質類學科專業
874,研究員
875,鹼
876,君士坦提烏斯
877,2016年2月10日
878,半日生活圈
879,美西戰爭
880,尊漢思想
881,蒂羅爾
882,[PAD]
883,供應服務過多
884,1910年革命
885,洛邑
886,孔齊言
887,杜慧度
888,憲政改革
889,英國
890,斯塔福德郡
891,元熙元年
892,劉少奇
893,1922年
894,3年
895,人類想像與傳說之中
896,東德使館
897,冷戰時期
898,1990年10月3日
899,恆星
900,顯微注射
901,歐洲人馬可波羅
902,新羅馬
903,上海鐵路局
904,離岸人民幣
905,為了確保比利時的中立和維護1839年簽署的《倫敦條約》
906,德語聖經
907,使用精子庫
908,太陽
909,作戰單位
910,120天
911,1950年代
912,文藝復興運動
913,性犯罪
914,文藝復興式
915,淮安
916,1590年
917,1990年
918,埃姆斯蘭
919,柏林國際廣播電台
920,[PAD]
921,春秋時期
922,忽必烈統一中原
923,媒體維基
924,作家
925,2000年
926,67個郡
927,1月1日
928,1884年
929,俄國
930,大慶油田
931,私立大學
932,三座
933,為早期韓國華僑的聚集所在
934,李雄
935,許榮茂
936,汪大淵
937,英語
938,[UNK]稻
939,宋真宗
940,120%
941,[PAD]
942,9月
943,其副汗或小汗多帶有伊利的的稱號
944,唐德剛
945,路易十四
946,韓國
947,0.07個
948,閩南人
949,28年
950,李煥之
951,公共汽車
952,核質
953,鴨巴甸
954,東正教
955,八角鼓
956,並未成真
957,文化大革命
958,1642年
959,徐載弼
960,貴由
961,匈奴人
962,芝加哥大學
963,造船業
964,射擊斷續器
965,紐格威森林
966,2013年
967,拿破崙
968,戴克里先
969,166年
970,太極兩儀
971,市場經濟
972,1961年
973,亞歷山大六世
974,1871年
975,悼念周恩來
976,20世紀60年代到70年代初
977,1958年
978,一些國家採胡漢分治的制度
979,涵元門
980,趙翼
981,漢文
982,12次
983,科學社會學
984,1138公頃
985,憲法
986,荷蘭
987,聯合國
988,少林足球》
989,內陸山區
990,國大黨
991,白[UNK]紀滅絕事件
992,模特
993,異端邪說
994,1252年
995,元朝
996,1929年
997,1972年
998,鐵製蒸汽船
999,文森特
1000,環保主義
1001,詹姆士·麥迪遜
1002,1946年
1003,蘇聯紅軍
1004,進口
1005,1991年
1006,甘迺迪政府學院
1007,太陽
1008,修道主義
1009,1999年
1010,亞歷山大漢密爾頓
1011,中國
1012,1960年
1013,國務委員會委員長
1014,紐約尼克
1015,蓋戳形式
1016,東校區
1017,100萬
1018,第二代
1019,匈奴
1020,9月6日
1021,中國
1022,工程化核酸酶
1023,伊薩克二世
1024,統帥
1025,外部刺激
1026,蔣中正
1027,臺灣本身財政負擔
1028,武漢行營副主任
1029,為了躲避戰亂
1030,朝鮮半島
1031,2.2億
1032,狄拉克
1033,[UNK][UNK]
1034,1823年
1035,40個
1036,三人團
1037,舊石器時代中期
1038,166年
1039,荀子
1040,集團軍
1041,半日制學堂
1042,尷尬事件
1043,愷撒
1044,韓語
1045,冠
1046,佛教
1047,烏爾蘇拉
1048,1964年
1049,印度洋
1050,維持現狀
1051,挪威
1052,南北戰爭
1053,蒙羞
1054,南華縣
1055,英國人
1056,李紳
1057,電車
1058,帝位世襲
1059,18.6度
1060,1939年
1061,唐史學家
1062,劉表
1063,慶元
1064,軍事委員會北平分會副委員長
1065,英美法系
1066,石油危機
1067,唐朝
1068,奧斯陸峽灣
1069,1920年
1070,硫代硫酸氨
1071,《金雲翹傳》
1072,89萬
1073,1912年
1074,1627年
1075,區域性污染
1076,阿內加達島
1077,唐生智
1078,夏季
1079,新北地方法院
1080,馬克西米安
1081,6世紀
1082,24所
1083,甘肅省
1084,數列表示
1085,1所
1086,耶穌會
1087,一個
1088,四舊
1089,三次
1090,為了獲得大寧地區的駐牧權
1091,俗語
1092,郭松齡
1093,爆炸性
1094,雲南省第二殖邊督辦公署
1095,明朝時期
1096,1968年
1097,各國海軍
1098,1932年
1099,鐮倉幕府
1100,世稱恭順
1101,氣候分類系統
1102,二戰
1103,財產資格限制
1104,吳國
1105,汗位取得不合法
1106,丹都洛
1107,莊士敦道
1108,帕塔普斯科河
1109,1945年
1110,義熙十一年
1111,戰時研發商
1112,赫爾辛基
1113,《男人四十》
1114,羅馬帝國
1115,1847年
1116,辛亥革命
1117,史夔
1118,合會朱陸
1119,傑弗里·德維爾阿杜安
1120,阿拉伯半島
1121,塞爾維亞
1122,加州尤巴城
1123,君主
1124,天下人
1125,日本
1126,尼古拉斯·尼葛洛龐帝
1127,朱序
1128,石油危機
1129,教育產業化
1130,1992年
1131,康拉德·阿登納
1132,朝貢
1133,聖奧古斯丁
1134,大約公元185年
1135,弱勢群體
1136,大正天皇
1137,西區圖書館
1138,北齊
1139,足利義輝
1140,黨派紛爭
1141,中華人民共和國衛生部
1142,謁師
1143,斯拉夫人
1144,第4
1145,聯邦制
1146,1799年
1147,波多黎各
1148,瑞士蘇黎世州
1149,洪武三十一年
1150,德國
1151,76間
1152,民國19年
1153,50元
1154,中華民國
1155,7局
1156,拋秧
1157,七個
1158,周恩來
1159,卡加梅
1160,93位
1161,悉曇體書寫的梵文佛經
1162,5月17日
1163,財務報表
1164,羅馬文學
1165,海軍中尉軍階
1166,山內一豐
1167,空射火箭
1168,1836年
1169,敘利亞
1170,4千
1171,德里克·羅勃茲因
1172,伊斯蘭教
1173,印度
1174,哥廷根亨德爾國際音樂節
1175,236路
1176,夜裡10點至翌日凌晨6點間
1177,法國
1178,歐德謨
1179,居維葉繼道本頓
1180,通州張家灣
1181,韓國電視台
1182,《血盟救國軍軍歌》
1183,廣州
1184,聽診器
1185,被迫
1186,唯泰主義
1187,1993年
1188,兩岸經濟合作架構協議
1189,攻擊明朝的軍事重鎮大同
1190,自由主義
1191,1874年
1192,每一聲波周期因而都可以有一定數量的纖維同步發放
1193,卡斯特拉
1194,李克強
1195,河東道
1196,靜態[UNK]網頁
1197,希波丹姆
1198,熱帶稀樹草原
1199,[PAD]
1200,國民政府軍事委員會將山西劃為第二戰區，組織成立了第二戰區長官司令部
1201,63個
1202,46公里
1203,十六世紀
1204,帕多瓦大學
1205,周宣王時期
1206,廈門市
1207,1885年
1208,不承擔國家賦役
1209,發展局
1210,極光
1211,北京電視台
1212,舟山撤退
1213,十月革命
1214,英國
1215,美國大學協會
1216,公共教育經費
1217,日本關東軍
1218,開京
1219,美國大蕭條時期
1220,解決元成宗時期的財政危機
1221,拉丁人
1222,明文
1223,蔣介石
1224,全印穆斯林聯盟
1225,後受通古斯人壓力
1226,喇嘛教
1227,鎌倉時代
1228,氣泡狀範圍稱為太陽圈
1229,建設中國特色社會主義
1230,劉裕
1231,東正教
1232,鮑德溫伯爵
1233,佛教
1234,三代
1235,伊斯蘭教
1236,臺北市
1237,鄧小平
1238,南斯拉夫
1239,武陵
1240,殺蟲
1241,法國大革命
1242,自由韓國黨
1243,否決權
1244,二十世紀
1245,積極進攻
1246,加拿大
1247,1926年
1248,義大利汽車之都
1249,火箭發動機
1250,機械門控通道
1251,在列車前面拉動
1252,聖喬治拉丁文學校
1253,23年
1254,1948年12月1日
1255,武宗系
1256,私兵制度
1257,魏博拉盧比民達行業工會
1258,文章奧府
1259,基本差異在於繁衍後代所需基因物質產生的方式
1260,非洲
1261,瓊州海峽
1262,安德魯約翰遜
1263,普林斯頓大學
1264,83年
1265,釣魚台國賓館
1266,伊達政宗
1267,因為量子物理學的進展
1268,民國3年
1269,杜拜金融服務局
1270,潘章
1271,班傑明·富蘭克林
1272,臺灣
1273,第二代
1274,日美神奈川條約
1275,北京
1276,室溫
1277,哈利里德
1278,發現蘇聯的一篇有關電磁波研究的論文
1279,柏拉圖
1280,波蘭人
1281,六四事件
1282,英祖四年
1283,改良式
1284,那一夜，我們說相聲
1285,二人
1286,1830年
1287,全球資訊網
1288,八月
1289,認知科學
1290,廣州話
1291,張伯倫
1292,粳稻
1293,挪威
1294,1800個
1295,中國郵政集團公司
1296,清朝沒有誠意
1297,我們是一個民族！
1298,安納托利亞人
1299,福島縣會津地區
1300,1913年
1301,土地
1302,阿拉曼人
1303,史蒂夫·鮑爾默
1304,天花病
1305,牡丹峰樂團
1306,印度
1307,3座
1308,周敦頤
1309,沃爾普斯韋德
1310,朱利烏斯·凱撒
1311,豫
1312,1919年4月13日
1313,1133515人
1314,喃字
1315,排灣族
1316,芝大
1317,普選制度
1318,高宗
1319,2015年
1320,1969年
1321,自由民主黨
1322,前院曬穀
1323,一綱多本
1324,479年
1325,病態賭徒
1326,全國人民代表大會
1327,外太空
1328,黃中理
1329,扶助弱小民族使之自治自決
1330,伍西班牙
1331,1905年
1332,東南亞
1333,鐵
1334,拿破崙
1335,廣東省
1336,聖母大學
1337,羅馬法
1338,心理學家
1339,希臘
1340,拉丁字母
1341,《中俄密約》
1342,卡普拉
1343,雙重國籍
1344,克拉克望遠鏡
1345,生物質
1346,秘書處
1347,就地掩埋稻草，除不會製造空氣汙染
1348,66種
1349,類比訊號
1350,回族
1351,視錐細胞
1352,人口眾多
1353,威廉二世
1354,遵義會議
1355,《我於青春無悔》
1356,君士坦丁大帝
1357,美國國家草地網球聯盟
1358,8月26日
1359,阿爾法
1360,朱棣
1361,外交手段
1362,1887年
1363,2008年
1364,阿基米德
1365,2010年
1366,1918年
1367,對刺激的回應
1368,魯宗之
1369,對日本幕府散播西班牙企圖顛覆德川幕府陰謀
1370,朝鮮王朝
1371,2012年
1372,生物動力學
1373,印度洋暖濕氣流
1374,太白山脈
1375,廓索維茨
1376,性能
1377,民國十八年
1378,濟州島
1379,一萬兌一比率
1380,25個
1381,整軍協定
1382,1996年
1383,1985年
1384,4世紀
1385,顯示自己的獨立自主
1386,15世紀
1387,九龍灣站
1388,1980年代
1389,1997年
1390,牛津大學
1391,折下吉延
1392,越南
1393,1914年
1394,為了盡一分努力
1395,2300多種
1396,對能源的需求持續增長，生物質能的工業也隨著水漲船高
1397,女性
1398,40倍
1399,1958年
1400,白色
1401,1856年
1402,忽必烈
1403,反革命事件
1404,王光美
1405,理察·科伯恩·麥克勞林
1406,東德建立了就業保障制度，且與西德
1407,1624年
1408,15%
1409,蔣中正
1410,奈及利亞
1411,亞洲
1412,2000年
1413,重力作用
1414,桑
1415,低地方言德語
1416,2013年
1417,1973年
1418,民族權利
1419,南開中學
1420,哲學家
1421,10萬人
1422,惠宗
1423,抗佝[UNK]病維他命
1424,馬來-玻里尼西亞語族
1425,45%
1426,預算限制
1427,意識型態
1428,儒家文明
1429,元代
1430,43人
1431,連線
1432,劉氏
1433,超級模特兒
1434,兩層
1435,麻赫穆德·喀什噶里
1436,共產黨
1437,《鋼鐵是怎樣煉成的》
1438,1994年12月1日
1439,最高榮譽大獎
1440,錫克教
1441,1986年
1442,《安邦定國誌》
1443,百越族
1444,省級公園
1445,米高彭博
1446,伊斯蘭教
1447,徐樹錚
1448,明太祖
1449,歷史博物館
1450,阿內加達島
1451,預期
1452,外國不可能介入內戰
1453,南朝鮮
1454,關島原住民
1455,公共救濟
1456,非洲國家
1457,[PAD]
1458,九龍灣
1459,海南鐵路辦事處
1460,佛教
1461,陳朝
1462,11000間
1463,有色人種
1464,共產國際
1465,漢諾威
1466,中央電視台高清綜合頻道
1467,劉備
1468,衛星國
1469,主體史學
1470,球皺褶
1471,1662年
1472,1884年
1473,第二產業
1474,俄羅斯
1475,伍斯特
1476,整個表面積
1477,流血槍戰過程
1478,張議潮
1479,新幾內亞
1480,正德十一年
1481,陳聖宗、陳興道率領的陳軍積極抵抗，並且瘟疫四竄
1482,法國
1483,喜馬拉雅山
1484,通過與國大黨的合作要求英國廢止劃分孟加拉
1485,沙俄軍隊
1486,200萬立方公尺
1487,黑龍江
1488,1992年
1489,北角區
1490,新界
1491,蔣中正
1492,大和國
1493,佛教
1494,[UNK]以下的聲音對基底膜的影響
1495,雌雄同體
1496,災難型電影
1497,母親病危
1498,巴塞隆納奧運
1499,稻子的根
1500,阿拉巴馬州
1501,鋤草祭
1502,[UNK]-4戰鬥機
1503,2013年
1504,迎接2010年上海世界博覽會的召開
1505,1980年
1506,1967年
1507,俄羅斯聯邦軍隊
1508,南方墨點法
1509,路易斯一世
1510,《時代》
1511,極權主義
1512,《布列斯特-立陶夫斯克條約》
1513,路易·勒沃
1514,布列塔尼半島美國石油公司
1515,後燃器
1516,恩域塔球場
1517,東吳
1518,海煤
1519,自體授粉
1520,1929年
1521,想取快錢
1522,徐家匯
1523,比爾蓋茲
1524,忽必烈
1525,華人
1526,南斯拉夫內戰
1527,《塘沽協定》
1528,烏蘭烏德
1529,1897年
1530,巴拉克·歐巴馬
1531,2008年1月27日
1532,降低成本
1533,決策局
1534,杭州[UNK]橋機場
1535,蠻族
1536,不願送死
1537,總督
1538,興王
1539,衛奕信
1540,量化
1541,2009年
1542,全國重點文物保護單位
1543,忽必烈
1544,茶峒鎮
1545,。
1546,惠金斯原理
1547,黑龍江
1548,波士頓理工
1549,兩年
1550,2010年
1551,為了便於管理漢地
1552,國際太空探測器
1553,許蘭亭
1554,烏里雅蘇臺將軍
1555,聖西門主義
1556,日治時期
1557,蔡[UNK]
1558,德國
1559,《刑部大理寺狀
1560,澳大利亞新南威爾斯州
1561,協
1562,沙勿略
1563,羅馬共和國時期
1564,稻穀
1565,韓國
1566,藍屋
1567,薩伊
1568,最後一次
1569,五個
1570,朱少文
1571,15世紀
1572,文藝喜劇片
1573,劉琮
1574,高血壓
1575,北燕
1576,《中華人民共和國全民所有制工業企業法》
1577,反環境保護主義
1578,城市物質形態
1579,環境保護主義或環保主義
1580,1045年
1581,懷柔區
1582,七間
1583,民間反應不佳
1584,光緒十年
1585,1970年代
1586,希臘語
1587,伍西班牙
1588,神經源性
1589,加拿大
1590,七個
1591,安定
1592,香港
1593,乾旱
1594,《內戰記》
1595,交通
1596,甲午戰爭
1597,政府採取反共措施
1598,1910年
1599,拉丁字母
1600,1935年
1601,四角號碼檢字法
1602,8.6%
1603,浙江海商
1604,阿根廷隊
1605,歐洲聯盟委員會
1606,增加西側的空曠程度
1607,德國
1608,蘇聯
1609,七年戰爭
1610,100米
1611,咖啡因中毒
1612,國民政府
1613,漢江
1614,青光眼
1615,狄托
1616,學權部
1617,2002年
1618,射擊斷續器
1619,5位
1620,相關發展例子
1621,1945年
1622,北宋
1623,米高梅
1624,1988年
1625,051型驅逐艦
1626,英國
1627,耶穌會
1628,1867年
1629,鐵鉉
1630,張伯倫
1631,義勇軍進行曲
1632,棉花
1633,卡洛·埃馬努埃萊一世
1634,賀知章
1635,官方
1636,漢人不斷侵佔平埔族土地
1637,原恆星雲
1638,貝加爾湖
1639,厄德
1640,羅馬共和國中後期
1641,當時儒教興盛
1642,危坐二堂，絕無懼色
1643,克里斯蒂安四世
1644,無限制潛艇戰
1645,網絡
1646,山茶
1647,1947年
1648,北德意志邦聯
1649,博尼法斯二世
1650,約翰·莫根
1651,耐腐蝕性
1652,1835年
1653,咖啡因
1654,革命外交
1655,1972年
1656,水軍
1657,汪精衛
1658,體育部
1659,單斜棱晶體
1660,直系
1661,水牛城勇士
1662,孫中山
1663,七月二十四日
1664,賽丁泉天文台
1665,殖民政策
1666,[UNK]染色體
1667,咖啡俱樂部
1668,16世紀
1669,大陸性氣候帶
1670,配子
1671,猶太人
1672,孟郊
1673,德克薩斯州石牆郡
1674,皖系軍閥
1675,楚州人
1676,1964年
1677,1967年
1678,奧古斯都
1679,哲布尊丹巴
1680,丁[UNK]
1681,在布政司和部門之間加入
1682,1861年2月9日
1683,3月19日
1684,漢字
1685,安托萬·拉瓦錫
1686,伊斯蘭教
1687,[PAD]
1688,大中祥符
1689,參議院
1690,財源
1691,盧安達法郎
1692,皖浙贛獨立團
1693,德川家康
1694,美國在1873年爆發的經濟蕭條
1695,世族
1696,1853年
1697,新加坡
1698,民國34年
1699,1270年
1700,飛控系統
1701,三個
1702,[PAD]
1703,清帝國
1704,諸葛亮
1705,江河級驅逐艦
1706,2015年
1707,21473平方公里
1708,傳教士
1709,潮水
1710,世界氣象組織
1711,絲綢
1712,海河流域
1713,蒙哥
1714,700家
1715,中國溧陽茶葉節
1716,全市綠化比例高
1717,收到十二道金牌班師回朝
1718,澳大利亞
1719,大汗的汗庭
1720,5月20日
1721,24小時
1722,1962年
1723,青島海軍基地
1724,姑臧
1725,西日本對於有設置[UNK]系統可以進行連線購票的簡易委託車站
1726,張作霖
1727,波蘭進入戰時狀態
1728,西方遊客
1729,神經節細胞
1730,黎元洪
1731,宋美齡
1732,中華民國台灣
1733,第二次世界大戰
1734,1961年
1735,白光
1736,蔣中正
1737,1966年
1738,奈特·麥克米蘭
1739,無佛像時代
1740,1977年
1741,白色
1742,自由聯合關係
1743,三次
1744,英國
1745,孫志剛事件
1746,《劃一現行各道地方行政官廳組織令
1747,夫餘別種
1748,1948年
1749,蒸汽膨脹
1750,隋[UNK]帝
1751,副熱帶季風氣候區
1752,日本
1753,美國心臟學會
1754,大英帝國
1755,《八篇書》
1756,美軍到達歐洲
1757,薩爾
1758,路易十四
1759,合作派
1760,心理疾病
1761,大惡臭
1762,1個
1763,1990年代
1764,阿弗剌昔牙卜
1765,24%
1766,高麗國
1767,後現代主義
1768,1828年
1769,第三名
1770,[PAD]
1771,西安招待所
1772,1349年
1773,湯瑪斯傑佛遜
1774,新春期間
1775,郵值標籤
1776,席哈克略皇帝
1777,1990年10月3日
1778,古羅馬
1779,農耕節
1780,俄國革命
1781,為了制衡德軍
1782,王猛
1783,西洋棋殘局
1784,敵我矛盾
1785,獨立性
1786,西塞羅句法
1787,0.01%
1788,湖熟
1789,英國
1790,木星
1791,愛滋病毒
1792,1993年
1793,外蒙古
1794,張聞天
1795,後現代
1796,法家
1797,五個省
1798,通古斯地區過於偏遠
1799,安大略湖
1800,羊肉
1801,朝鮮王朝
1802,劉駿
1803,將部分河水導入恆河運河
1804,雙重匯率制度
1805,美國
1806,吉米·史都華
1807,意識形態
1808,十六歲
1809,法國
1810,1928年
1811,5個
1812,[UNK]
1813,曼哈頓
1814,清咸豐年間
1815,瓦倫提尼安一世
1816,吳兆南
1817,繩文人
1818,甲醇
1819,太祖王
1820,牛隻列印問題
1821,英國
1822,隱遁鄉里
1823,中華人民共和國
1824,1590年
1825,1941年
1826,細胞核
1827,將閥門的操作自動化
1828,俄國發生十月革命
1829,俄羅斯聯邦
1830,毛澤東曾經要求壓縮一些過高指標
1831,幅員遼闊，選舉人數超過三百萬
1832,1943年
1833,多倫多市
1834,人群
1835,膨脹
1836,瑪麗·雪萊
1837,純的硫是黃色的晶體
1838,資產負債表
1839,德川家康
1840,日本
1841,14000倍
1842,臺北市仍在
1843,韓
1844,1789年
1845,下薩克森邦邦政府
1846,泰勒斯
1847,32.8%
1848,繼續進行
1849,鮑羅廷
1850,杜林
1851,金合歡
1852,13倍
1853,黃埔軍校
1854,紅樓夢》
1855,一百多年
1856,1970年
1857,雲南
1858,明朝
1859,電子郵票
1860,儒字
1861,突厥
1862,尚比亞
1863,俄國
1864,成熟階段
1865,閉門思過
1866,吠陀梵語
1867,1950年代
1868,古埃及人
1869,湯·韋迪加
1870,托木斯克州
1871,蘇丹
1872,民用航太
1873,510萬
1874,伊斯蘭婚姻
1875,伊莉莎白
1876,義大利
1877,2000年
1878,1932年
1879,愛情劇
1880,獨立人士
1881,阿布巴卡爾
1882,台北曲藝團
1883,《古魯·格蘭特·薩希卜》
1884,1865年
1885,翟中和
1886,1924年
1887,德國財政局
1888,200萬立方公尺
1889,楊宇霆
1890,法國
1891,詹姆斯·史都華
1892,周恩來
1893,劉國軒
1894,光化學煙霧
1895,藍營
1896,國務會議
1897,洛厄爾天文台
1898,輪椅網球比賽
1899,三名
1900,中日甲午戰爭
1901,金門
1902,1904.4公里
1903,《資治通鑑》
1904,2006年
1905,實業部
1906,1981年
1907,多倫多是加拿大的金融中心
1908,大學生的城市
1909,約翰·洛克菲勒
1910,1960年代
1911,1815年
1912,甘迺迪
1913,胡季[UNK]
1914,有絲分裂
1915,議會制
1916,2005年
1917,東西伯利亞喇嘛教則例
1918,莫斯科
1919,五分之一
1920,英語詞典》
1921,魔獸英雄
1922,克倫威爾路
1923,電影
1924,德國
1925,火山釋放的硫造成的
1926,[PAD]
1927,水門事件
1928,中山
1929,閻錫山
1930,1997年
1931,托爾金
1932,龍興之地
1933,中國政府因開放市場的需要
1934,阿伊努人
1935,1919年
1936,3.8%
1937,風力
1938,艾森豪
1939,3400萬
1940,擊球方法
1941,帕西瓦爾·洛厄爾
1942,二二八事件
1943,紅色
1944,澎湖
1945,二氧化硫可以在肺中與水結合成亞硫酸
1946,理學
1947,1998年
1948,民國時期
1949,毛澤東
1950,1950年
1951,高輻射的環境
1952,維基百科
1953,大氣
1954,1939年
1955,清朝末年
1956,城堡
1957,哲學原理研究
1958,1997年
1959,全市常住人口
1960,北大西洋
1961,1455年
1962,鄧穎超
1963,維特魯威
1964,傳統音樂
1965,為了提防燕王謀反
1966,1904年4月1日
1967,保加利亞
1968,恢復市場的功能
1969,北非的希波大會
1970,中華民國政府
1971,1834年
1972,淋巴液
1973,斷罰出征
1974,1901年
1975,十八歲
1976,近年
1977,農歷新年
1978,阿布海兒汗時代
1979,緊急能量補充
1980,1312年
1981,1970年
1982,30℃
1983,俄國
1984,埃拉伽巴路斯
1985,兩個
1986,抗戰
1987,1989年
1988,元武宗
1989,天文學家
1990,周恩來
1991,中國
1992,國際非政府組織
1993,2014年12月
1994,中部科學園區
1995,台北市立體育場
1996,曹議金
1997,1943年
1998,1893年
1999,收容遣送制度
2000,中國國民黨
2001,《一種美味
2002,狄拉克
2003,金黃飽滿
2004,[PAD]
2005,水軍
2006,中國青年黨
2007,矽燃燒過程
2008,劉少奇
2009,瑞士洛桑國際管理學院
2010,1980年
2011,著陸
2012,願意與美國或其他國家和組織在人權方面進行溝通
2013,民主黨
2014,幾何學
2015,1954年
2016,《風之國度》
2017,蠻族事務局
2018,噶爾丹入侵喀爾喀時喀爾喀人
2019,首席的元老
2020,11世紀
2021,阿普列尤斯
2022,猶太人
2023,光度
2024,克萊斯勒貸款法案
2025,省務會議
2026,1610年1月7日
2027,荷蘭
2028,喬治亞
2029,1835年
2030,六四天安門事件
2031,類比訊號
2032,通俗的
2033,30轉
2034,哭泣
2035,1958年
2036,1987年
2037,洪堡
2038,1847年
2039,唐睿宗
2040,1968年
2041,不動產
2042,其英文縮寫首字母為「[UNK]·ㄎㄟ·ㄨㄞ
2043,林肯
2044,風景怡人
2045,元末民變
2046,農業發展
2047,教育副官
2048,1599年
2049,3個
2050,香港國際機場
2051,社會主義
2052,馮國璋
2053,普魯士
2054,高句麗
2055,俄國
2056,溧陽
2057,學會部
2058,林肯
2059,科什圖尼察
2060,1600個
2061,確立婦女投票權
2062,500毫升
2063,古代
2064,民國十四年
2065,蒙古人
2066,正德十一年
2067,纖維心包
2068,愛爾蘭共和國
2069,[UNK]國際
2070,陳雲
2071,隔年蒙哥汗在合州的釣魚城之戰戰死
2072,瀧川
2073,莫高窟
2074,電穿孔細胞
2075,儘早訪問中國
2076,2次
2077,1924年
2078,日本
2079,稻米
2080,宮田製銃
2081,經濟問題
2082,1米93
2083,彌次郎
2084,外籍家庭傭工
2085,坡度較高，通常貨運列車
2086,《1875年公共健康法》
2087,傑米尼安諾·蒙塔納利
2088,男子
2089,亞里斯多德
2090,教法
2091,美國
2092,菲利浦五世
2093,阿爾卑斯山
2094,炮兵科教官
2095,1984年
2096,何鳳山
2097,一億光年
2098,1995年
2099,紅矮星
2100,日語
2101,阿爾法級別
2102,二戰後
2103,草本
2104,涵元殿
2105,奧斯卡·赫特維希
2106,1971年
2107,英國
2108,[PAD]
2109,增強孩子免疫
2110,民國18年
2111,年降雨量
2112,1916年
2113,法國東部
2114,灣仔
2115,拉丁語
2116,杜拜
2117,婆羅摩笈多
2118,貝聿銘
2119,世界的中心
2120,第53
2121,工業革命
2122,艾方濟
2123,一次世界大戰時期
2124,大量安眠藥
2125,史坦波中心
2126,《科學怪人》
2127,詹姆士·波爾克·詹森
2128,[UNK]-16
2129,日本
2130,麥健時報告書
2131,江蘇淮安
2132,朱齡石
2133,中共中央副主席
2134,毒氣
2135,細胞膜
2136,普洱專區
2137,被僱人
2138,英國倫敦溫布頓
2139,國君身邊的齊泰和黃子澄為奸臣
2140,1529年
2141,佐世保重工業
2142,申城
2143,德川家
2144,河川是水文循環
2145,岩石圈
2146,日治時期
2147,聯邦儲備系統
2148,1925年
2149,由新界鄉村的代表
2150,德國
2151,亞熱帶
2152,1975年
2153,中國
2154,反共思想
2155,官方語言韓國
2156,俄羅斯車里雅賓斯克
2157,王藍
2158,南成旭
2159,東晉元帝
2160,最低層
2161,漢文
2162,絲綢之路
2163,5642米
2164,殺蟲劑中毒
2165,寮國
2166,產業工會聯合會
2167,京杭大運河
2168,薩繆爾
2169,南奧塞提亞自治區
2170,浮動匯率制度
2171,農業
2172,秋天
2173,將兩國國界以黑龍江為基本界限
2174,永興
2175,雲南省
2176,德國
2177,土地改革
2178,王陽邁一世
2179,艾瑪·史東
2180,一大批來自原第三帝國東部的難民想要在這個地緣遼闊的邦找到棲身之地
2181,歸因於聯邦在內戰中取勝
2182,玉泉北路
2183,1789年
2184,280天
2185,旅遊業
2186,柏拉圖
2187,國家地質總局
2188,2007年
2189,國家歷史文化名城
2190,維基媒體基金會
2191,一省
2192,六條河
2193,高昂的嫁妝
2194,初中
2195,最佳演唱團體獎
2196,准妾室
2197,防火能力
2198,精神醫學
2199,機炮
2200,寧古塔副都統
2201,德國柏林影展
2202,接合來在細胞
2203,第三心音
2204,李白
2205,世襲制度
2206,韓國海關
2207,奧地利
2208,2009年
2209,牛胃氣膨脹
2210,三源
2211,吠陀梵語
2212,學者一般認為這是受道家老子思想的用詞影響，以格義方式漢譯而成
2213,女性模特兒
2214,印第安納大學俱樂部
2215,雷達
2216,1950年代
2217,福爾摩沙高速公路
2218,電子工業
2219,東芝
2220,新北市
2221,川本芳昭
2222,伊斯蘭教
2223,一年
2224,鑄造貨幣
2225,第三次創業
2226,2002年
2227,620年
2228,民國2年
2229,第一公民
2230,現代主義
2231,天主教
2232,美利堅聯盟國
2233,克勞狄二世
2234,1958年
2235,1904年
2236,數學科幻
2237,心室底壁組織
2238,東南亞
2239,湯瑪斯·勃蘭契特·瑞德
2240,周恩來
2241,超音速
2242,[UNK]-51戰鬥機
2243,日本
2244,1939年
2245,模擬別人的言行
2246,1900年
2247,李察·賓特利
2248,印尼官方
2249,康熙四十八年
2250,荊州
2251,摩利爾法學院
2252,22個
2253,克里米亞戰爭
2254,國防部空軍司令部
2255,北京
2256,1945年
2257,倭寇
2258,閉關鎖國
2259,1972年
2260,2013年
2261,史達林
2262,大連
2263,1918年
2264,年輕恆星
2265,非金屬類材料
2266,阿拉貢王國
2267,聯合國人權委員會
2268,庫里爾台大會
2269,氫
2270,頭
2271,賓夕法尼亞州大學
2272,二氧化碳
2273,穀類作物
2274,勒布夫
2275,[UNK]染色體
2276,後代
2277,熱帶雨林氣候
2278,劉宋
2279,劉備
2280,第三心音
2281,咸康七年
2282,非金屬材料
2283,道格拉斯
2284,玉米
2285,東羅馬帝國
2286,五個
2287,25年
2288,松花江
2289,墨西哥
2290,[PAD]
2291,太陽能電池板共計64平方公尺
2292,2008年
2293,南北韓高級別會談機制
2294,紅水河
2295,蒙古人種
2296,斯芬·佩斯
2297,2001年
2298,大道東
2299,27千兆瓦
2300,副熱帶濕潤氣候
2301,1200萬名
2302,總督」，正式官銜為「兵部右侍郎兼都察院右都御史，總督某地等處地方，提督軍務糧餉」，尊稱為「督憲
2303,2008年
2304,29.48萬人
2305,1982年
2306,鞏高峰
2307,三蘭港
2308,12個
2309,西伯利亞
2310,櫻花大道
2311,焦爾達諾·布魯諾
2312,職業網球協會
2313,僑州郡縣
2314,修飾手法
2315,官僚主義者階級
2316,刺史
2317,血流只有一股
2318,1180年
2319,三歲
2320,失眠
2321,雷焦卡拉布里亞國家考古博物館
2322,阿克爾自治市
2323,香港人
2324,都市計劃
2325,西班牙
2326,布爾人
2327,產婦之前有無生產
2328,校園一卡通
2329,第18
2330,海澄公
2331,氣體
2332,灣仔
2333,唐生智
2334,金銀珠寶
2335,1919年
2336,1939年
2337,郵政機關發行
2338,噪聲
2339,西塞羅
2340,漾水河
2341,蘇維埃社會主義共和國聯盟
2342,音樂
2343,《四十二章經》
2344,薩沃亞家族
2345,工業發展
2346,海因利希・弗格勒
2347,第五套
2348,景洪市
2349,憲法
2350,爭取陽光
2351,失落的故事集
2352,1918年
2353,1950米
2354,原始宗教
2355,第1區
2356,冶金學
2357,杭州
2358,機鼻進氣口設計，為了將空間
2359,1999年
2360,馮特
2361,彰化市民代表會
2362,法國大革命時期
2363,明朝
2364,2013年
2365,朱德
2366,陳元帥
2367,漢武帝時期
2368,1958年
2369,東經116度27分為日俄界線
2370,西排立
2371,賓語
2372,主序帶
2373,電磁波理論模型
2374,郵政業務正式運行辦理所
2375,1927年
2376,2014年
2377,不復存在
2378,2007年
2379,法國
2380,先發制人入侵薩克森和波西米亞
2381,國家銀行
2382,為了鞏固自己及子孫的統治
2383,蒙古語
2384,甲醇
2385,元太宗
2386,15625億日元
2387,印度教經文
2388,1218年
2389,918年
2390,北非作戰階段
2391,人民當家作主、依法治國
2392,1987年
2393,工程化核酸酶
2394,金軍
2395,28年前
2396,球的使用
2397,球皺褶
2398,梁[UNK]
2399,40年
2400,2901.3平方公里
2401,新北市
2402,忽必烈
2403,高等學校新生入學考試制度
2404,靠近中國大陸的大陸型氣候
2405,學習偉大領袖毛澤東
2406,19世紀
2407,檀君古朝鮮
2408,乾隆帝
2409,朝鮮勞動黨中央委員會委員
2410,清宣宗時代
2411,蒙漢兩元政治
2412,黑色貝雷帽
2413,三國史記
2414,四次
2415,林彪
2416,城市的出現
2417,1972年
2418,摩門教
2419,分裂
2420,社會輿論
2421,1603年
2422,一分
2423,火山國家公園
2424,2003年
2425,射擊斷續器
2426,新石器時代
2427,孔齊言
2428,海因里希·赫茲
2429,1973年
2430,世界氣象組織
2431,通貨膨脹
2432,1820年代
2433,布政司署
2434,35%，跟一般使用燃料的發電廠的渦輪機相比，每年可發電量最多可到[UNK]
2435,天主教
2436,食品業
2437,1958年
2438,2010年
2439,柏樹林
2440,7920公里/小時
2441,仙台市
2442,史和平
2443,蓋銷
2444,哈爾濱
2445,1967年
2446,義和團事變
2447,混合苦膽的酒
2448,建文二年
2449,起草法案
2450,2008年
2451,邊防具體業務工作
2452,彼得二世
2453,19世紀晚期
2454,貴金屬
2455,合不勒汗
2456,高句麗
2457,窩闊台汗國
2458,14年
2459,49.3萬
2460,巴納德
2461,量子光學
2462,糧食
2463,哈德遜河
2464,正保御國繪圖
2465,民國3年
2466,投保人
2467,主序帶的階段
2468,約翰·坎貝爾
2469,港島區
2470,1221年
2471,阿得雷德的去世
2472,《中華人民共和國憲法》
2473,二十歲
2474,雙打比賽
2475,中村法道
2476,高要
2477,德壽
2478,391年
2479,英國精神醫學期刊
2480,1849年11月1日
2481,1260年
2482,13小時
2483,氦
2484,新校地
2485,忽必烈
2486,巴西爾二世
2487,黑死病
2488,1948年
2489,卡胡盧伊
2490,硫化氫
2491,氮化硫
2492,三屆
2493,1972年
2494,都市計劃
2495,核心表
2496,日本
2497,情感
2498,6位
2499,司馬休之
2500,煤煙消除會
2501,公民化
2502,宏碁
2503,國民政府時期
2504,海因里希·赫茲
2505,傻瓜塔
2506,宋忠
2507,中山
2508,匹茲堡
2509,白塞爾
2510,市區改正計劃
2511,戒嚴令
2512,中國內河
2513,1989年
2514,花垣鎮
2515,東部
2516,模特
2517,7%
2518,韓國
2519,梅艷芳是女低音
2520,與鄧穎超新婚之夜
2521,泰國
2522,農民階層
2523,孔恩著
2524,索契
2525,比利時
2526,重慶理工大學
2527,臺灣獨立
2528,足利尊氏
2529,托木斯克
2530,蘇丹達爾富爾地區
2531,1905年
2532,臺灣自救運動宣言》
2533,道路
2534,十億年
2535,1486年
2536,英國
2537,1950年
2538,1500公里
2539,南極條約協商會議
2540,布里亞特人
2541,建炎二年
2542,民國8年
2543,1849年
2544,前279年
2545,中國大陸
2546,西元前1534年
2547,庫納巴拉班
2548,1906年
2549,釋迦牟尼
2550,1953年
2551,1640年
2552,交通不便
2553,威尼斯人
2554,東涌線
2555,梅艷芳是女低音，類似徐小鳳
2556,1849年
2557,1999年
2558,2005年7月21日
2559,宋代
2560,國家預防腐敗局
2561,風能是與風速的三次方成所正比，所以風機高度愈高，發電量愈多
2562,大學生研究計劃
2563,爽文市
2564,2015年
2565,王亞南
2566,茂蘿街
2567,八零年代
2568,1234年
2569,日本
2570,瑞派克路
2571,儀式
2572,第二代
2573,黨委
2574,康熙三十二年
2575,工業
2576,中央印製廠
2577,1952年
2578,當局非常不滿
2579,驅逐艦
2580,[PAD]
2581,玄松月
2582,蘇聯
2583,2500年
2584,1859年
2585,在各個市政領域推動都市轉型計畫
2586,輻射
2587,紹興十一年
2588,烈女義坑
2589,調節氣溫
2590,日本青年社
2591,廣東籍
2592,羅馬帝國
2593,自由派
2594,1990年代
2595,秋明州
2596,倫敦煙霧事件
2597,加州
2598,自由
2599,韓國
2600,不穩定性
2601,常於9－10月回到黑龍江、烏蘇里江等河中產卵
2602,亨利克萊
2603,歐美國家
2604,昭陽湖
2605,赫爾伯特·查普曼
2606,噪音過大
2607,廿八歲
2608,濟南
2609,1961年
2610,二戰
2611,榮休教宗
2612,美日領事機構
2613,2比1
2614,參議院
2615,1861年
2616,1991年
2617,臺灣
2618,1953年12月
2619,白[UNK]紀滅絕事件
2620,2003年3月4日
2621,曼莫漢·辛格
2622,刺激性
2623,七七事變
2624,激進黨
2625,1895年
2626,[PAD]
2627,萊茵魯爾
2628,漢拿山
2629,拒絕投降
2630,慈禧皇太后
2631,1600分
2632,馬爾吉特
2633,失分
2634,第一次鴉片戰爭
2635,特殊黨員
2636,中國
2637,蔡素玉
2638,英國
2639,工藝
2640,鄧小平建設有中國特色社會主義理論
2641,2008年
2642,4個
2643,溫州
2644,下薩克森邦
2645,《宅地法》
2646,中途公園
2647,駐越美軍
2648,燈罩
2649,高房價
2650,1848年
2651,2016年9月30日
2652,定性分析幸福
2653,解放軍
2654,1946年
2655,伊斯蘭教
2656,東勝寺一役
2657,6月底至7月底有「梅雨」。6-8
2658,伊斯蘭教
2659,暴雪娛樂公司
2660,第二次世界大戰
2661,[PAD]
2662,理論心理學
2663,西方墨點法
2664,136.03萬人
2665,唐朝
2666,戰鬥機
2667,克列孟梭
2668,240℃下
2669,中國人民解放軍總參謀部警備部
2670,溥佳
2671,中部科學園區
2672,1803年
2673,特瓦族
2674,雕塑
2675,麻州
2676,杜林
2677,庫侖阻力
2678,沒有完整校舍
2679,一邊一國
2680,耶穌會
2681,西塞羅
2682,英軍司令部
2683,土地改革政策
2684,土耳其
2685,2013年
2686,忠孝橋
2687,摩根
2688,1960年
2689,高崗
2690,1930年
2691,進行海水淡化
2692,文憑
2693,台灣小百岳
2694,爭議性
2695,1779年
2696,印尼
2697,人本主義
2698,首爾塔洞公園
2699,建議聯合國大會接受蒙古國加入聯合國
2700,英國
2701,電視
2702,3%
2703,2013年
2704,普法戰爭
2705,什錦麵
2706,供給創造需求
2707,中東
2708,民國三十八年
2709,鄧演達
2710,阿爾比派
2711,鮭魚
2712,美軍
2713,甘蔗
2714,早已不滿北條氏專制政權
2715,第一個用戶嘗試儲存網頁
2716,約翰·福特
2717,昆明公交公司
2718,2010年
2719,巴洛克風格
2720,憲模式
2721,2008年
2722,納粹黨
2723,清政府
2724,拿破崙
2725,大陸
2726,漢魏故城
2727,1920年代
2728,南京國民政府青天白日滿地紅旗
2729,威廉一世
2730,人造衛星
2731,166號
2732,1702年
2733,這個手段對於渦輪葉片的耗損提高許多
2734,東南亞
2735,同盟國
2736,1944年
2737,標準中文
2738,西英格蘭大學
2739,河運
2740,伏爾加河
2741,國際動物命名委員會
2742,黃金自由貿易
2743,施耐庵
2744,集中式太陽能發電站
2745,大韓帝國
2746,郵票
2747,第265任
2748,運動一號
2749,死亡
2750,60人
2751,阿拉瓦克印第安人
2752,灣仔填海計劃第二期
2753,[UNK]鐵路公司
2754,第一代
2755,12個
2756,腸粉
2757,伽利略
2758,1875年
2759,裏海
2760,2006年
2761,1860年
2762,1597年
2763,1829年
2764,杜林
2765,2008年
2766,毛利家
2767,侏[UNK]紀
2768,尹伊桑
2769,拿破崙
2770,342年
2771,[PAD]
2772,中華人民共和國
2773,貝聿銘
2774,阿拉巴馬州
2775,2015年
2776,《羅馬十二帝王傳》
2777,呂蒙
2778,傑斐遜·戴維斯
2779,1867年
2780,70%
2781,狩獵採集社會
2782,第三世界國家
2783,國民黨
2784,入學考試
2785,擔心引起教會勢力的強烈反彈
2786,利奧三世
2787,鄂圖曼帝國
2788,1986年
2789,明代
2790,1951年4月13日
2791,基督教
2792,心血管疾病
2793,石油天然氣研發中心
2794,元朝
2795,硫酸
2796,義大利戰爭
2797,超級基金法
2798,中華人民共和國
2799,納粹德國
2800,募兵制
2801,1933年
2802,2001年
2803,丙子胡亂
2804,1997年
2805,天主教會
2806,《有關國軍參與海外派遣活動的法律案
2807,大滿貫
2808,華沙
2809,伯力
2810,外交政策
2811,三種不同的輔音長度
2812,8世紀
2813,約翰二世·科穆寧皇帝
2814,凡爾賽宮
2815,北海道帝國大學
2816,2008年
2817,信陽
2818,地區邊界
2819,電腦
2820,動物命名法
2821,2013年
2822,1789年
2823,拔都
2824,國際生物科學聯合會
2825,屬下被朝廷處死
2826,金靴獎
2827,齊格蒙特三世
2828,天文學
2829,文人政府
2830,萊茵河
2831,氧化亞氮氣體
2832,新約正典
2833,周宣王
2834,攻占納哈出的金山
2835,期貨交易所
2836,內燃機引擎
2837,銀熊獎
2838,1968年
2839,靜止心率
2840,《舊金山和約
2841,6座
2842,1989年
2843,武昌起義
2844,直接管理寺院周圍13莊政教事務
2845,殺傷力大
2846,第一波新政
2847,球面幾何學
2848,1976年
2849,飛
2850,第2758號決議案
2851,1980年
2852,楊森
2853,1859年
2854,為了更好的與羅馬帝國進行貿易活動
2855,學權部
2856,阮彌之
2857,粵西
2858,羅斯托克港
2859,杜林
2860,约瑟夫·斯卡利格
2861,湖州人
2862,維多利亞港
2863,郵箱業務
2864,20%
2865,分發式政策
2866,希伯來文
2867,12歲
2868,比利時人
2869,1000米
2870,馬關條約
2871,羅斯福
2872,大陸性季風氣侯
2873,214微克
2874,3席
2875,過渡時期憲法
2876,益州
2877,段思平
2878,1953年
2879,口徑大
2880,海口市
2881,社會學
2882,雌雄同體
2883,物種形成的看法。接著達爾文在1859年發表了《物種原始》
2884,攔截機
2885,寮國
2886,2000年
2887,15年
2888,魚雷艇
2889,1970年代
2890,第26屆
2891,武漢大學
2892,第三心音
2893,1989年
2894,史達林
2895,新北市的主要行政區過去皆為全面依賴臺北市的衛星城市
2896,英國
2897,廣鐵集團
2898,航宇
2899,社交活動
2900,孫傳芳
2901,元滅宋之戰
2902,亞歷山大·羅德
2903,霍諾留
2904,9月
2905,《農書
2906,蘇聯
2907,中世紀中期
2908,美國登山車協會
2909,突厥語
2910,台南
2911,法律
2912,臺灣人
2913,1987年
2914,神學研究階段
2915,1849年
2916,直布羅陀海峽
2917,只是把普選局限於男性
2918,在一固定期間內，一家機構的現金增減變動情形
2919,1923年
2920,鏡廳
2921,安帝
2922,中華民國初年
2923,托列斯海峽
2924,自由民主黨
2925,印度洋
2926,兩年
2927,大致平坦的地貌
2928,磷礦石
2929,美國
2930,南斯拉夫社會主義聯邦共和國
2931,1512年
2932,消亡階段
2933,肌萎縮性脊髓側索硬化症
2934,主要作為軍事防衛
2935,哈德良
2936,《關於托勒密和哥白尼兩大世界體系的對話》
2937,傳送其基因組
2938,正大力宣傳
2939,種族
2940,南成旭
2941,盧安達
2942,戴爾廣場足球俱樂部
2943,厄爾布魯士峰
2944,南京國民政府
2945,明朝
2946,武器設計製造人才
2947,1956年
2948,沒有
2949,50個
2950,科學博物館
2951,冬無嚴寒
2952,1874年
2953,維吾爾語
2954,金泳三
2955,前往洛杉磯美國陸軍航空隊的徵兵站
2956,新生代
2957,勒克瑙協定
2958,國防報告書
2959,忽必烈
2960,電動機
2961,五大宗教外其他宗教業務
2962,聯合國
2963,一個龐大的內需市場
2964,比較有代表性
2965,翻版金日成
2966,啟德機場
2967,瑞士
2968,日本
2969,英語
2970,狄拉克
2971,汽運
2972,敦煌石窟
2973,鍾祥蘭台宮
2974,朝鮮
2975,1972年
2976,布里斯托鎊
2977,兩天
2978,喀喇汗國
2979,戰鬥機
2980,黨內上層
2981,1932年
2982,1952年
2983,埃及
2984,2003年1月12日
2985,釣魚臺
2986,蒸汽機
2987,村民委員會
2988,猶太會堂
2989,三菱
2990,《韓國憲法》
2991,岳飛
2992,怯薛
2993,道元禪師
2994,1637年
2995,北魏
2996,西人黨
2997,民國26年
2998,中東
2999,北非作戰階段
3000,大朝鮮國
3001,鋼筋混凝土
3002,熱帶稀樹草原
3003,1171年
3004,《日韓合併條約》
3005,羽柴秀吉
3006,中產階級
3007,民國四十三年
3008,第45屆日本眾議院議員總選舉
3009,魏源
3010,保祿六世
3011,阿拉伯宗教
3012,2個
3013,梵語
3014,元帝不重視科舉
3015,七年戰爭
3016,艾瑪·史東
3017,1636年
3018,第三產業
3019,兩極
3020,德宏州
3021,25個
3022,史蒂芬生
3023,查士丁尼一世
3024,華北平原
3025,振州
3026,[PAD]
3027,李時珍
3028,舊莫比爾
3029,羅馬共和國
3030,辛亥革命
3031,六十年代
3032,十年
3033,伊斯蘭教
3034,督撫
3035,六四天安門事件
3036,周恩來
3037,《北京條約》
3038,1976年
3039,1959年
3040,耕地面積比例較低。2015年，長崎縣耕地面
3041,國民議會
3042,肉牛
3043,主動方
3044,生活部
3045,歐洲工業文明
3046,29萬人
3047,2013年
3048,300公厘
3049,廖內省
3050,洪邁
3051,淮安區
3052,左手的大拇指
3053,頤年堂
3054,2002年
3055,50%
3056,西里爾字母
3057,荷蘭人
3058,黨的紀律檢查機關
3059,第五大
3060,契約經濟
3061,道路左側行車
3062,河本大作大佐
3063,為了保護蒙古人地位
3064,工農業
3065,資本主義
3066,四品
3067,金正恩
3068,戰艦
3069,蘇聯
3070,清朝嘉慶年間
3071,蘭希佩洛西
3072,1871年1月18日
3073,劉少奇
3074,1980年
3075,溫尼伯國際機場
3076,朝鮮民主主義人民共和國
3077,生產利益
3078,2部
3079,交通部觀光局
3080,大慶
3081,薩珊王朝
3082,長水村
3083,八王之亂
3084,居民委員會
3085,民國29年
3086,降低貸款利息
3087,1980年2月24日
3088,通化市
3089,康熙帝
3090,烏茲別克斯坦
3091,玉米
3092,樺樹
3093,[PAD]
3094,2006年
3095,1987年
3096,馬克思主義
3097,史都華的影迷太多
3098,馬加人
3099,1887年
3100,巴西隊
3101,製導合一
3102,完全臀位
3103,駱克道
3104,71.7公里
3105,西羅馬帝國
3106,自律性受到植物神經系統的調節
3107,廣電總局
3108,札木合
3109,麥克阿瑟元帥
3110,查理檢查站
3111,京杭大運河
3112,雲貴高原
3113,喀喇汗國
3114,1914年
3115,紅衫軍運動
3116,第五次北伐
3117,烏來區
3118,綠窗口
3119,電壓
3120,希臘文化
3121,幽州
3122,被迫
3123,第一次直奉戰爭
3124,1970年代
3125,相聲
3126,平定南昌的寧王宸濠之亂
3127,周恩來
3128,貴霜帝國
3129,1956年
3130,南海縣
3131,《華府風雲》
3132,韓國
3133,以元世祖過度漢化、違背祖宗成法
3134,4000米
3135,李東陽
3136,1919年
3137,粳稻
3138,百萬分之一弧秒/年
3139,印度教
3140,第一座青天白日勳章
3141,尼古拉杜霍寧
3142,浙江紹興浙軍第二旅第六團第三連當見習官
3143,[PAD]
3144,信陽市
3145,1782年
3146,1871年
3147,日本武士時代
3148,武漢大學
3149,貝爾格勒
3150,日產汽車
3151,郵票
3152,1920年
3153,1972年
3154,柴油
3155,道路左側行車
3156,城東地區失火
3157,有絲分裂
3158,路德
3159,阿拉伯字母
3160,二氧化碳
3161,1987年
3162,《三國演義》
3163,黃琪翔
3164,中國人民銀行
3165,都市
3166,小熊
3167,2016年
3168,土地改革
3169,大衛·[UNK]·沃爾普
3170,荷蘭皇家研究所
3171,周恩來
3172,1739年
3173,民族文化多元化
3174,《開槍射擊令
3175,男子商人合營技術學院
3176,活力
3177,忻城縣
3178,東側
3179,田春蔚
3180,冬季奧運會
3181,亞屬名
3182,農礦部
3183,艾薩克·牛頓
3184,馬薩諸塞州
3185,4世紀
3186,第一個階段
3187,蘇聯
3188,麗貝卡·布蘭克
3189,[PAD]
3190,日本發動太平洋戰爭
3191,西元28年
3192,同化政策
3193,莫敦梅
3194,北京秘密
3195,1942年末
3196,洛可可風格
3197,南斯拉夫王國
3198,15年
3199,麗
3200,俗世什一稅
3201,受貨幣經濟影響
3202,《周禮》
3203,1967年
3204,匈牙利
3205,西班牙人
3206,31個省
3207,1917年
3208,新北市
3209,壁山標
3210,拉彼魯茲
3211,奧圖·普萊明傑
3212,1247年
3213,太陽能
3214,台電
3215,馬其頓內部革命組織
3216,2017年
3217,天主教
3218,新北市
3219,量子光學
3220,托土拉島
3221,1945年
3222,400人
3223,鱷魚
3224,2500米
3225,聯合國安理會166號決議
3226,三跨一懸挑
3227,被捕
3228,江北地區
3229,希臘文化
3230,19世紀
3231,中山粵菜
3232,瓦倫提尼安一世
3233,德壽
3234,倭國
3235,1949年
3236,查士丁尼一世
3237,會長
3238,美國國家稅務局
3239,昆明巫家壩國際機場
3240,日產汽車製造公司
3241,兩棲動物
3242,負責全國邊海防工作
3243,游隼
3244,1955年
3245,馬爾吉特
3246,13世紀
3247,星系天文學
3248,傑羅姆萊特文
3249,漢族
3250,24位
3251,小高加索山脈
3252,全國經濟委員會
3253,軍事科研活動
3254,中國共產黨紀律檢查機關
3255,[PAD]
3256,民主黨
3257,1636年
3258,求其放心
3259,法國獲勝
3260,文化大革命
3261,公元第二世紀
3262,美國陸軍航空隊
3263,於1206年統一漠北諸部族後建立的大蒙古國
3264,漢朝軍事壓力
3265,1924年
3266,西元前4713年1月1日中午12點
3267,鄧小平
3268,民國39年
3269,華萊士
3270,依序向內
3271,儲備
3272,經濟大恐慌
3273,民國元年
3274,1909年
3275,1233年
3276,2015年
3277,卡佩爾戰爭
3278,超級英雄電影
3279,教會法學博士
3280,維多利亞湖
3281,《天體運行論》
3282,馬英九
3283,台北曲藝團
3284,朱文圭
3285,葉名琛
3286,廣島市
3287,監理會
3288,超長時間
3289,韓國
3290,沒有
3291,1891米
3292,馬來西亞
3293,烏爾蘇拉
3294,92%
3295,李算
3296,秋明州
3297,物權法
3298,馬林諾夫斯基
3299,1651年
3300,成吉思汗
3301,劉宋宗王
3302,消極的制度
3303,蔣中正
3304,雙重匯率
3305,1971年
3306,1282年
3307,速度
3308,蒙古文字
3309,小高加索山脈
3310,用來指揮小隊或中隊
3311,明朝
3312,動物脂肪
3313,幹線道路
3314,奈及利亞
3315,1955年
3316,976毫米
3317,拉丁帝國
3318,路易·菲利普國王
3319,表演工作坊
3320,1912年
3321,1903年
3322,燃料
3323,伊斯蘭教法
3324,9世紀
3325,特別警察部隊
3326,蒙疆聯合自治政府
3327,獅子外型
3328,宋高宗
3329,威武陳元帥廟
3330,美元
3331,[PAD]
3332,獅子派
3333,乾隆皇帝
3334,有意無意成為功利主義學派的接班人
3335,1992年
3336,西班牙
3337,鄭順
3338,成吉思汗時代
3339,意識型態上的極權主義傾向
3340,地中海
3341,1908年
3342,37年
3343,牡丹峰樂團團長
3344,君士坦丁八世
3345,急遽減少
3346,1949年
3347,岳飛
3348,劉牢之
3349,105名
3350,卓袱
3351,五分之四
3352,福建華僑
3353,民族主義復活
3354,德國
3355,北方方言
3356,集安
3357,1970年
3358,燃燒時的火焰
3359,李·亞科卡
3360,五年
3361,瓜拿納樹
3362,特瓦族
3363,髒層
3364,加壓
3365,遺傳物質
3366,戴維·勞合·喬治
3367,海什木
3368,2006年
3369,白[UNK]紀中期
3370,莫里斯哈勒
3371,克勞德夏農
3372,印度軍隊
3373,1932年
3374,人口較南方多出許多
3375,1964年
3376,通俗科幻小說雜誌
3377,法語
3378,政治主張
3379,國際園藝家協會
3380,合肥市政府
3381,理查特里維西克
3382,一線天目前仍屬重要軍事基地
3383,彌爾
3384,元豐五年二月己巳條
3385,幽默
3386,無量山
3387,1548年
3388,美國
3389,兩路總站
3390,後現代
3391,1961年
3392,計劃經濟體制
3393,英國
3394,李煥之
3395,[PAD]
3396,1284年
3397,民國27年
3398,悉曇體
3399,314.23
3400,2005年3月20日
3401,43.4%
3402,路易十三
3403,沃爾特蒙代爾
3404,1935年
3405,為了繼續吞併全印度
3406,伊利諾州
3407,公元前240年
3408,漢諾瓦
3409,性犯罪
3410,沖積作用
3411,信陽長台關編鐘
3412,第二代
3413,黃大仙區
3414,忽必烈
3415,1970年
3416,巴西爾二世
3417,至元十一年
3418,[PAD]
3419,德川家康
3420,網絡
3421,三大黑土地
3422,佛教
3423,恰克圖條約
3424,多源於南部內陸高原地區
3425,廢除憲法
3426,聖凱薩琳教堂
3427,沈葆楨
3428,協助自殺
3429,西晉
3430,美國[UNK]電視台
3431,1985年
3432,24小時
3433,2009年
3434,11世紀
3435,郭松齡
3436,1931年
3437,歐
3438,毛澤東思想
3439,天皇
3440,2014年
3441,花垣鎮
3442,股份制
3443,兩年
3444,導彈
3445,1976年
3446,中國人
3447,15個
3448,宋公
3449,希洛分基地
3450,漢地大都
3451,康熙
3452,景星殿
3453,雨果
3454,鄧小平
3455,不少亦達不到香港女性非常高的擇偶條件
3456,維爾紐斯
3457,民國17年
3458,西部片
3459,雜交帶
3460,2000年代
3461,《魔戒》
3462,1978年
3463,儒家思想
3464,1954年
3465,12架
3466,廣州話
3467,1897年
3468,總理
3469,1945年
3470,最後被包圍在了笠置山
3471,在完成了內部自治的體制
3472,倭王權
3473,灣仔碼頭
3474,1991年
3475,約瑟夫
3476,大部分的時間都在國外生活
3477,反手
3478,大爆炸理論
3479,新南威爾斯學校
3480,[PAD]
3481,期思陂
3482,中華人民共和國
3483,朱棣
3484,2000餘輛
3485,軍隊士兵主要由穆斯林和印度教徒構成
3486,亞俄
3487,東漢
3488,1999年
3489,生命線類
3490,機場快線
3491,麥茨要塞
3492,中國最早有關傳染病研究的著作
3493,而
3494,梵語
3495,語文學家
3496,19世紀晚期
3497,1991年
3498,馬祖列島
3499,交通部觀光局
3500,2000年
3501,白犬列島
3502,燈塔
3503,直升機
3504,兩小時
3505,馬祖列島
3506,陳高志
3507,基金會
3508,元宵節
3509,秋季
3510,每年農曆九月初九重陽節
3511,馬住
3512,地瓜餃
3513,解除戰地政務
3514,漲潮
3515,軍港
3516,沙灘
3517,235歲
3518,網球
3519,現代網球
3520,網球
3521,主裁判
3522,球童
3523,120秒
3524,中林網球
3525,[PAD]
3526,發球技術
3527,半西方式握拍
3528,半西方式握拍
3529,半西方式握拍
3530,14世紀
3531,手掌
3532,對方回球
3533,制勝球
3534,非營利博物館
3535,[PAD]
3536,一局比賽結束之後
3537,1-5盤
3538,上線後再得一分
3539,四年
3540,1989年
3541,2010年
3542,3萬
3543,新北市
3544,新北市
3545,臺灣鐵路管理局在目前在新北市的主要路線，有種怪現象現，其中位於新板特區的，板橋車站
3546,簡用環狀線
3547,臺北市公車聯營管理中心
3548,新北市公共自行車租賃系統
3549,齊河
3550,新北市
3551,42.00[UNK]
3552,新北市政府文化局於2010年第一次辦理臺北縣眷村文化節，後續轉型爲新北市竹籬笆英文系
3553,新北市政府文化局
3554,2007年10月1日
3555,120餘公里
3556,都會型商圈
3557,新北市
3558,1
3559,雞龍河
3560,江
3561,電影
3562,彼得
3563,雅各書
3564,聖經學者
3565,約翰
3566,約翰
3567,語言學
3568,約翰
3569,馬利亞
3570,瑪利亞
3571,聯邦制
3572,索馬利亞
3573,150萬美元
3574,2001年3月
3575,城市的地價
3576,今天
3577,最少是一種大規模永久性防禦設施
3578,一斑
3579,種
3580,中國古代城市
3581,海拔
3582,官道
3583,海軍醫院
3584,季節性
3585,關島地區醫療城
3586,2012年9月
3587,死亡
3588,關島位於北緯13.2度至13.7度，東經144.6度至145度間，面積爲212平方英里，爲美國第32大島嶼
3589,關島
3590,安納塔漢島
3591,珊瑚環礁
3592,氣候
3593,荒島
3594,混凝土結構
3595,烏爾姆山，它屬於哈爾斯山脈
3596,7月
3597,1990
3598,糙米
3599,有機米
3600,光球層
3601,少量
3602,白[UNK]紀
3603,上街限制2.73疊紀滅絕事件
3604,全球氣候
3605,碳系晚期
3606,二季
3607,費力組織
3608,非營利組織
3609,非營利組織
3610,會員大會
3611,展場模特兒
3612,局部模特兒
3613,少女模特兒
3614,華圖利
3615,音質貴族系統
3616,政客
3617,政治家
3618,政治家
3619,1953年發生了617事件
3620,1961年8月12日
3621,1961年10月
3622,年輕人
3623,1963年
3624,1968年
3625,2000
3626,1971年4月10日
3627,44年
3628,1989年
3629,一支民族共和國憲法
3630,德意志民主共和國
3631,1949年
3632,1961年
3633,社會黨
3634,社會黨
3635,500席
3636,布拉格之春
3637,十佳心理折磨，很難取證
3638,移民
3639,1950年
3640,德國
3641,德國，統一社會黨
3642,2.8%
3643,1984年的大約500元，增加到1985年
3644,社會主義現實主義的藝術系
3645,店
3646,86座劇院
3647,1857年
3648,十年
3649,人文學科
3650,天主教
3651,1945年
3652,馬克思主義學說
3653,德意志民主共和國
3654,憲法
3655,金龍山
3656,釜山
3657,濟州島
3658,工業原料
3659,韓國
3660,2.1%
3661,四大石油
3662,韓國
3663,韓國
3664,鰲頭
3665,2007年
3666,韓國科學技術研究院
3667,韓國
3668,金泳三
3669,[PAD]
3670,儒家思想取代佛教
3671,甲午戰爭
3672,中國
3673,未來
3674,裝飾
3675,[PAD]
3676,民間口頭傳說
3677,日本無條件投降
3678,電影
3679,1990年作了修訂
3680,1997年
3681,2000年
3682,牛肉
3683,狗
3684,韓國
3685,韓式泡菜
3686,韓國
3687,韓式筷子
3688,韓國燒酒
3689,2790060
3690,5583064名
3691,多倫多
3692,4月中旬期間
3693,31度
3694,133公分
3695,高速公路
3696,401號省道
3697,多倫多擁有知名的多倫多藍鳥棒球隊
3698,那大球隊
3699,多倫多證券交易所
3700,多倫多
3701,多倫多
3702,1500年
3703,多倫多
3704,1787年
3705,1793年
3706,1812年
3707,1834年3月6日
3708,鐵路
3709,1921年
3710,81
3711,1107萬平方公里
3712,清末
3713,甲午戰爭
3714,光緒三十三年
3715,副都統
3716,光緒三十三年
3717,理藩院
3718,撒韋凡部
3719,西藏
3720,西藏
3721,高句麗
3722,精英政治制度
3723,顧國川王
3724,王都成
3725,丘儉
3726,突厥
3727,突厥
3728,李世民
3729,高句麗
3730,福裕城
3731,668年
3732,渤海國
3733,渤海國
3734,新羅
3735,體積
3736,熱力學
3737,不確定性
3738,政府機構
3739,財經
3740,負面情況
3741,紫色絲病非常接近民居
3742,比爾蓋茨
3743,法蘭克蓋瑞
3744,功課
3745,春季學期
3746,瑪格麗特
3747,224名
3748,物理學
3749,美國總統科技顧問委員會
3750,47位
3751,經濟顧問委員會
3752,路易斯委員會
3753,多元性
3754,1950年
3755,理學院
3756,魯本斯
3757,聖母院博物館
3758,65萬人
3759,法蘭西人
3760,19世紀
3761,第二次世界大戰
3762,旅遊業
3763,第二大
3764,萊茵河航運中央委員會
3765,聯合國教科文組織
3766,凱爾特人
3767,羅馬人
3768,神聖羅馬帝國
3769,楓丹白露
3770,馬賽曲
3771,19世紀
3772,德意志帝國
3773,四教
3774,歐洲文藝復興
3775,音樂家
3776,1900年
3777,後現代主義
3778,政治哲學
3779,貴族政治
3780,柏拉圖
3781,基督教
3782,馬基維利
3783,蘇聯時期
3784,電力
3785,四川省
3786,成都平原
3787,峨眉山
3788,宋朝
3789,嘉定府
3790,中世紀
3791,哈康五世
3792,1314年
3793,黑死病
3794,挪威王國
3795,1814年
3796,城區
3797,新城區
3798,1854年
3799,第一條電車線路
3800,戰國時期
3801,商朝
3802,郡縣制
3803,蜀魏國
3804,紅軍
3805,6月
3806,漢軍級指揮官
3807,[PAD]
3808,漢芬蘭
3809,莫斯科和平協定
3810,漢莎拉地區
3811,德意志國防軍
3812,蘇聯政府
3813,納粹的味道的衛國戰爭與反抗拿破崙
3814,近衛頭銜
3815,候補中央委員
3816,三個月
3817,解放軍
3818,黃厝村塔頭社
3819,美國第七艦隊
3820,胡錦濤
3821,臺灣泛綠陣營
3822,1912年
3823,清朝
3824,民不聊生
3825,共產黨
3826,蔣中正
3827,1934年
3828,南昌起義
3829,1945年
3830,渡江戰役
3831,1949年
3832,廣州
3833,黃埔軍校
3834,北伐必敗論
3835,盧溝橋事變後
3836,毛澤東
3837,國軍
3838,攻速
3839,在惡劣天氣
3840,1985年
3841,烏拉圭世界盃
3842,巴西隊
3843,1958年
3844,法國世界盃
3845,阿根廷
3846,金球獎
3847,1994年
3848,倫敦奧運
3849,2014年
3850,第二波新政
3851,新政聯盟
3852,7月
3853,德懷特艾森豪
3854,豬灣入侵
3855,美國人
3856,民權法案
3857,南方白人
3858,新政聯盟
3859,林丹強生
3860,林丹強生總統
3861,德州
3862,黑人
3863,能源部
3864,通信
3865,維吉尼亞州
3866,白人
3867,革命
3868,加拿大漢
3869,白水門事件及萊溫斯基醜聞等政治醜聞
3870,廢奴民主黨人
3871,凡爾賽條約
3872,富蘭克林德拉諾羅斯福
3873,歐洲理事會議會大會
3874,第37次
3875,2010年
3876,潘基文
3877,9月
3878,無人飛機
3879,2015年
3880,菜豆
3881,平坦谷地
3882,1100公尺
3883,新美天津大理石與石灰岩礦[UNK]
3884,1920年
3885,亞塞拜然
3886,蘇聯
3887,亞塞拜然人
3888,赫哲族
3889,唐代
3890,唐玄宗
3891,1284年
3892,努兒乾
3893,元朝
3894,二妹公司
3895,江戶幕府
3896,嘉禾二年
3897,司馬懿
3898,孫登
3899,2000毫米
3900,梅雨時期
3901,2010年
3902,王梵宇
3903,舊石器時代
3904,舊石器時代
3905,史籍
3906,舊石器時代遺蹟
3907,南山首地區
3908,中國人
3909,斯洛文尼亞
3910,歐洲共同體
3911,單一民族國家
3912,浙大克羅埃西亞主義
3913,1991年
3914,馬其頓共和國
3915,南斯拉夫反法西斯人民解放委員會
3916,1943年
3917,2月
3918,共產黨情報局
3919,沙文主義
3920,開放式社會主義體制
3921,1980年
3922,失業率攀升
3923,分配地方權力
3924,遺傳物質技術
3925,分子複製技術
3926,基因靶向
3927,1973年
3928,基因工程
3929,醫學
3930,凝血因子疫苗
3931,基因轉殖小鼠
3932,多倍體育種
3933,複製
3934,基因轉殖生物
3935,同源基因
3936,加拿大
3937,美國憲法
3938,17歲
3939,美國綠卡
3940,國家安全會議
3941,人文組織方面，美國海岸防衛隊平時隸屬於美國國土安全部
3942,水泥骨料
3943,人工土木建築材料
3944,洋灰使使同
3945,羅馬人
3946,堅固耐久
3947,孔明車
3948,臺灣
3949,45公里
3950,亞當斯密
3951,物資
3952,且
3953,中國大陸
3954,安全
3955,丁磊
3956,出售郵件系統軟體授權
3957,新浪
3958,網際網路泡沫破滅
3959,2015年
3960,類比電路系統
3961,發信機頻道
3962,意見
3963,躁鬱症
3964,自殘
3965,烈酒
3966,關聯出現的原因
3967,四川
3968,汗蒸冰製
3969,泰晤士報
3970,泰晤士報
3971,倫敦時報
3972,保守黨
3973,米蘭
3974,476年
3975,羅馬的財富
3976,阿瓦爾人
3977,薩珊王朝
3978,廣州
3979,黃帝
3980,宋教仁
3981,江南平原
3982,24位
3983,民主聖地
3984,黃大勇
3985,王永清
3986,壓迫到當地洪雅族原住民的生存空間
3987,總督府
3988,氣候
3989,張之洞
3990,1993年
3991,蔣國麗
3992,法國
3993,1993年
3994,威廉吉爾伯特
3995,琥珀
3996,班傑明富蘭克林
3997,富蘭克林
3998,琥珀摩擦實驗
3999,熱能
4000,同級發電機
4001,法拉第定律
4002,纖維性抽搐
4003,最佳作品獎
4004,史詩片
4005,五部
4006,美國電影藝術與科學學院
4007,香川普勞圖斯
4008,繁榮
4009,吳大偉
4010,20世紀之前
4011,5000倍
4012,我距離比較遠
4013,七天三小時
4014,中間期
4015,卡倫河
4016,尼羅河
4017,恆河
4018,美國電影藝術與科學學院
4019,奧斯卡金像獎
4020,杜比劇院
4021,西德尼斯科爾斯基
4022,洛杉磯地區
4023,學院邀請產生
4024,1939年
4025,上海盛業大廈大學
4026,廈門大學
4027,東營廈門大學教師教學質量不好
4028,戊戌變法是木
4029,梁啓超
4030,徐才厚
4031,徐才厚
4032,蘇聯
4033,雷家勝
4034,雷家勝
4035,義和拳
4036,康有爲
4037,2007年
4038,21196.18公里
4039,宋朝
4040,漢長城
4041,蒙古境內戈壁
4042,東漢
4043,朝鮮平壤
4044,突厥
4045,明朝
4046,點燃煙火
4047,長城
4048,中英煙臺條約
4049,中英煙臺條約
4050,重慶
4051,重慶
4052,重慶
4053,傅亮
4054,重慶
4055,火災演習
4056,中央直轄市
4057,重慶
4058,兵工廠衆多
4059,沙坪壩公園
4060,重慶
4061,重慶
4062,藥用植物
4063,第七
4064,電子工業
4065,重慶
4066,馬關條約
4067,損壞莊稼
4068,馬車
4069,高爆反坦克彈
4070,從未成爲主戰坦克的實際主流裝甲系統
4071,價格
4072,陳水扁
4073,2005年
4074,巡撫
4075,中國共產黨
4076,美洲
4077,1895年
4078,美國聯邦最高法院
4079,同性婚姻
4080,摩梭人
4081,1995年
4082,單身收養制度
4083,1600萬
4084,繼最大的社會壓力
4085,婚禮產業
4086,荷蘭
4087,馬耳他國會
4088,五個
4089,1884年
4090,德國
4091,1939年
4092,1933年
4093,賓夕法尼亞州
4094,太空遊客
4095,60歲
4096,蘇俄紅軍
4097,英國
4098,1989年
4099,波蘭
4100,綠島
4101,自行車
4102,兩個
4103,邊沁
4104,集大成之作
4105,1903年
4106,般若類經典
4107,玄奘
4108,唐朝
4109,東吳大學
4110,1999年
4111,可以互相溝通
4112,馬來語言
4113,1945年
4114,1968年
4115,1942年
4116,1947年
4117,75歲
4118,美國電影學會
4119,1985年
4120,1991年
4121,1948年
4122,詹姆斯十多萬演出奧斯卡得獎紀錄片形式的犯罪劇情片，反案記。他飾演一名記者，經過追根究底的調查後，洗刷了一名被某被告謀殺警察的罪名。這是改變自己經濟大恐慌時期，芝加哥
4123,優秀西部片演員
4124,1945年
4125,校校友
4126,1945年
4127,2008年
4128,美國童軍
4129,史都華
4130,1951年
4131,比佛利山莊
4132,瓊克勞馥春
4133,上流社會
4134,1940年
4135,溼度華
4136,德川家康
4137,1598年
4138,軟流圈
4139,由於大量放射性元素衰變加熱
4140,北冰洋
4141,一個月
4142,已對心臟眼睛
4143,心臟病
4144,商品的生產地
4145,中國
4146,日本
4147,1899年
4148,2008年
4149,1789年
4150,德川幕府
4151,1868年
4152,1899年
4153,日本政府
4154,釣魚臺
4155,爬行動物
4156,山羊
4157,釣魚臺主權的爭議
4158,15世紀的中國明朝
4159,1918年
4160,1940年
4161,美軍戰機
4162,航路標誌法
4163,4月20日
4164,1857年
4165,馬賴
4166,葛羅男爵
4167,1858年
4168,6月13日
4169,2011年
4170,美國地質調查局
4171,東芝
4172,主要爲來自晶片及半導體部門的虛假營銷
4173,1875年
4174,2006年
4175,第二次世界大戰
4176,公元384年
4177,北魏藝術風格
4178,印度佛教
4179,蘇門答臘島
4180,非常注重傳統
4181,往往以裝飾爲主，而不是根據宗教習俗
4182,12世紀
4183,水墨畫
4184,漢明帝
4185,西行印度求法而歸的第一人
4186,南北朝
4187,北魏風格
4188,唐代
4189,長安
4190,莫高窟
4191,約翰赫歇爾
4192,1825年
4193,君主制
4194,匈牙利
4195,激進黨
4196,如若效忠國王，南斯拉夫會變成君主制
4197,1921年
4198,拉丁文
4199,倭寇
4200,清同治年間
4201,清同治年間
4202,愛情萬歲
4203,候鳥
4204,2001年
4205,樂團成員阿信
4206,1790年
4207,瑞士
4208,貝爾福地區
4209,1939年
4210,醫院
4211,醫院
4212,1973年
4213,本部大樓
4214,理事會
4215,副教務長
4216,中國民主建國會
4217,文化教育界高級人士
4218,工商企業家
4219,榮毅仁
4220,1945年
4221,國際聯盟
4222,58個
4223,凡爾賽條約
4224,1960年
4225,1968年
4226,外圍賽
4227,世界盃足球賽
4228,西班牙
4229,抽籤
4230,1927年
4231,1955年
4232,法國
4233,蘇聯
4234,地區性國際政治組織
4235,非洲
4236,內蒙古自治區
4237,關內
4238,朝陽市
4239,四個
4240,文職
4241,徵兵制
4242,波斯灣東南岸
4243,1960年代
4244,西方商業模式
4245,英國
4246,1852年
4247,稅制
4248,1966年
4249,1973年
4250,2006年
4251,七倍
4252,皇家法律
4253,142個
4254,紅線
4255,1947年
4256,非裔美國人
4257,2008年
4258,法律制裁
4259,共和末期
4260,羅馬公民權
4261,奧古斯
4262,金幣
4263,百夫長
4264,平原省
4265,2002年
4266,黃河鐵路公路大橋
4267,1952年
4268,蕭樹滋
4269,蕭樹滋
4270,何克抗
4271,李克東
4272,饅頭
4273,溫州人
4274,小籠饅頭
4275,重慶市
4276,丘陵
4277,岩溶山水地貌
4278,西德
4279,磚石
4280,全封閉的邊防系統
4281,柏林圍牆
4282,四個
4283,1949年
4284,1949年
4285,1961年
4286,烏利希
4287,客座教授
4288,肝癌
4289,1978年
4290,1999年
4291,1978年
4292,國際奧委會第48屆年會
4293,中華人民共和國代表團
4294,楊虎城
4295,分離主義
4296,李烈鈞
4297,孔祥熙公館
4298,人家軍事委員會
4299,肝臟
4300,刺激劑
4301,麥角胺
4302,英國
4303,1713年
4304,英國
4305,中國鐵道部
4306,文化大革命
4307,漢韻盈
4308,人民日報
4309,十分鐘一班
4310,2005年
4311,博覽館站
4312,九龍站
4313,廠家
4314,呂峯
4315,淮河流域
4316,玉帶河
4317,私立研究型大學
4318,班傑明富蘭克林
4319,穆爾電子工程學院
4320,第四
4321,唐朝
4322,劍橋大學
4323,92英畝
4324,獸醫學院
4325,雨水
4326,露點溫度
4327,土耳其
4328,貝爾格勒
4329,1920年
4330,1997年
4331,俄羅斯聯邦
4332,共和國元首
4333,第二次世界大戰
4334,中共中央書記處
4335,明代
4336,1406年
4337,北海
4338,袁世凱
4339,袁世凱
4340,新華門
4341,新華門
4342,1975年
4343,彰化縣
4344,2014年
4345,八卦臺地區
4346,1959年
4347,花蓮市
4348,阿姨
4349,四年
4350,市政會議
4351,加入歐盟
4352,基督教
4353,1403年
4354,723公里
4355,旱情
4356,150名
4357,俄羅斯
4358,農業
4359,計劃經濟
4360,2006年
4361,拜占庭
4362,地震
4363,1934年
4364,1933年
4365,九龍寨城
4366,九龍戰神
4367,1998年
4368,黃大仙區
4369,家庭經濟拮据
4370,1921年
4371,一個月
4372,杭州，插班考入體育學校，杭州省立帖專項檢驗，一個月就畢業。隨後佔據杭州
4373,1934年
4374,陳春鳳
4375,程程真
4376,廣州行營
4377,西班牙語
4378,83.4%
4379,黃河
4380,山地
4381,1914年
4382,修水縣
4383,49.2%
4384,41種
4385,2000多種
4386,佛教聖山
4387,7095米
4388,喜馬拉雅山脈
4389,庚子賠款
4390,清華學堂
4391,1943年
4392,1899年
4393,瀕危物種
4394,恐龍
4395,金正恩
4396,社會主義市場經濟體制
4397,金正恩
4398,2009年
4399,金正恩
4400,第149位
4401,卡蓋拉河
4402,2006年
4403,公路網絡
4404,農村
4405,1974年
4406,股市
4407,聯合國
4408,圖西族人
4409,君主制
4410,特瓦族
4411,1999年
4412,彩電中心
4413,2010年
4414,央視網域名
4415,1988年
4416,2009年
4417,消費者
4418,消費者
4419,文化研究
4420,25連勝
4421,遛馬隊
4422,遛馬隊
4423,2003年
4424,61勝
4425,2004年
4426,真人
4427,道士
4428,全真派
4429,正一派
4430,英國
4431,托爾金
4432,本質的邪惡
4433,芬蘭民族
4434,1914年
4435,1911年
4436,1922年
4437,1934年
4438,島上風光
4439,人權
4440,20世紀
4441,清末民初
4442,王怡
4443,戶籍制度
4444,集中在工資引發剋扣
4445,六四事件
4446,中華人民共和國外交部
4447,沙祖康
4448,汪洋
4449,中國大陸
4450,新聞法
4451,苦修隱居
4452,蔣中正
4453,畜牧業
4454,產品
4455,[PAD]
4456,19世紀
4457,拿破崙
4458,改變土地產權制度
4459,1857年
4460,1862年
4461,第二帝國覆亡
4462,1870年
4463,德意志帝國
4464,1873年
4465,1850年
4466,普選權的保護者
4467,爲了穩固自己的地位
4468,中華人民共和國
4469,2000年
4470,戰國
4471,5月
4472,道教
4473,加拿大
4474,問你伯
4475,博湖
4476,冰河時期
4477,製造箭頭
4478,1612年
4479,蘇維埃俄國
4480,1987年
4481,航空運輸
4482,空鐵聯運
4483,航空運輸
4484,2395平方公里
4485,鶴慶縣
4486,可以
4487,古裝風箏場
4488,防衛武器
4489,可以
4490,中國大陸
4491,[UNK]壕戰
4492,美國
4493,英國
4494,1980年
4495,陝西省
4496,長江流域
4497,陝西段
4498,溫帶季風氣候
4499,常綠闊葉木本植物
4500,蜀道難
4501,[PAD]
4502,關東大地震
4503,第一次世界大戰
4504,1930年
4505,1927年
4506,226事件
4507,太平洋戰爭
4508,修改日美安保條約
4509,岸信介主要政績是修改日美安保條約，爲此革新與保守兩大勢力進行最終對決
4510,被迫辭職
4511,[PAD]
4512,貪污醜聞
4513,一連串的醜聞
4514,日本社會黨
4515,平成時代
4516,隋朝
4517,威舍鎮
4518,645年
4519,天武天皇時期
4520,澳洲徵戰
4521,1185年，點倉幕府成立，終於1333年
4522,北條時政
4523,女媧
4524,不樂者
4525,人類始祖
4526,物理化學現象
4527,物理化學
4528,1977年
4529,北美洲
4530,山區
4531,1534年
4532,葡萄牙
4533,沙勿略
4534,印度
4535,朱棣
4536,建和談破裂
4537,河北戰事不利
4538,10月24
4539,保定
4540,徐氏
4541,873人
4542,辦
4543,擊敗武高
4544,朱權
4545,李景隆
4546,平安
4547,潮州體育館
4548,籃球運動
4549,。
4550,[PAD]
4551,2001年
4552,亞熱帶海洋性季風氣候
4553,李青
4554,潮州
4555,人多地少
4556,14800日元
4557,5800日元
4558,1995年
4559,伊斯蘭教
4560,68億
4561,哈里發
4562,賓夕法尼亞州
4563,世界鋼都
4564,2006年
4565,橄欖球
4566,灰石
4567,戰爭對鋼鐵的需求量猛增
4568,皮之寶
4569,文藝復興時期
4570,瑞士近衛隊
4571,米開蘭，基羅
4572,西班牙
4573,積極進攻戰術
4574,譚詠麟
4575,南海
4576,西沙羣島
4577,中越西沙海戰
4578,日本
4579,法國
4580,白崇禧
4581,1949年第二次國共內戰失利後
4582,1950年
4583,便利商店在日本地區又稱爲，cba，源起於美國公路邊的加油站附屬小店
4584,1980年
4585,都市化程度高
4586,阿斯頓公園球場
4587,優勝者
4588,1987年
4589,5000000美元
4590,1993年
4591,1998年
4592,嘉靖九年
4593,三層
4594,祈年殿
4595,七星石
4596,中國
4597,城市
4598,1859年
4599,物種的演化是通過自然選擇的方式實現的
4600,住宅區
4601,二次大戰
4602,[PAD]
4603,白宮冰室
4604,2012年
4605,25個
4606,赫斯特
4607,岳飛
4608,周之偉
4609,顏宗弼
4610,後勤的問題
4611,不能
4612,岳飛
4613,水準測量
4614,莫須有
4615,儒家
4616,河北省
4617,5月
4618,2001年
4619,大興區
4620,流求羣島
4621,甲午戰爭
4622,臺灣清治
4623,馬關條約
4624,50年
4625,臺灣本省人
4626,1980年代
4627,1980年
4628,電腦
4629,1996年
4630,李登輝
4631,李登輝
4632,多元文化主義
4633,葡萄牙語
4634,海拔高度
4635,真菌的棲息地
4636,1972年
4637,嘉南大圳，另一個是?[SEP]主要分佈於北部的臺北市，新北市，桃源是新竹縣苗栗縣，中部的南投縣，臺中市南部的高雄市，屏東縣六堆及東部的花東縱谷等客家地區爲主要分佈地區。另外在北部的伊蘭
4638,1684年
4639,戰略地位
4640,1960年
4641,爲擺脫石油危機
4642,1987年
4643,林立
4644,日治時期
4645,21個
4646,中華民國
4647,臺灣路竹會
4648,臺灣路竹會
4649,2007年
4650,中華民國國際經濟合作協會
4651,中華民國國際經濟合作協會
4652,1995年
4653,清明，而斷路，中秋
4654,三大節
4655,臺灣廟宇香火鼎盛
4656,清治時期
4657,四面環海
4658,珍珠奶茶
4659,英語
4660,1932年
4661,與漢人通婚
4662,[PAD]
4663,16世紀
4664,葡萄牙
4665,27個
4666,日本文化
4667,二戰
4668,反共抗俄
4669,中華隊
4670,雅典
4671,巧固球
4672,法國
4673,傷害只是爲了繁殖
4674,公共衛生問題
4675,飛機飛行安全
4676,100億美元
4677,四川省
4678,聖地華戰士
4679,粵語是漢語在廣東和廣西地區形成的方言，也是這一地區的通用語。又被稱爲廣東話
4680,粵語
4681,漢朝
4682,瑞士
4683,中國
4684,阿爾卑斯山脈
4685,荷蘭
4686,1948年
4687,德國
4688,德國
4689,英國
4690,德國
4691,電腦控制技術
4692,國家郵政局
4693,1949年
4694,1995年
4695,26名
4696,1972年
4697,1972年
4698,田納西州
4699,2000年
4700,喬利伯曼
4701,2006年
4702,英國
4703,物理學
4704,1984年
4705,1930年
4706,力氣
4707,新南威爾斯大學
4708,迪拉克
4709,科本哈根
4710,正工作室量子
4711,1930年
4712,不想出名
4713,吃蛋雞
4714,1937年
4715,佛教
4716,天道
4717,到達涅槃的境界
4718,陽光空間，水或食物中戰勝圖組
4719,加州的水
4720,洋務運動
4721,蔣公玉棟
4722,穆斯林
4723,伊斯蘭黃金時代
4724,十字軍東征
4725,中國
4726,新柏拉圖主義
4727,科學革命
4728,1687年
4729,劉銘傳
4730,舊金山和約
4731,周恩來
4732,支持日本關于歸還領土的要求是中國的一貫政策
4733,中國大陸
4734,三世紀
4735,班固
4736,1992年
4737,爲了你和
4738,1998年
4739,1991年
4740,普京
4741,蘇聯
4742,口氣
4743,18小時
4744,食物中毒
4745,經濟海域
4746,美國
4747,英國
4748,下議院
4749,五年
4750,不信任案
4751,愛爾蘭
4752,法蘭西王國
4753,亨利八世
4754,國內的貴族政治與神職人員影響重大
4755,行政院話由人民選舉
4756,授權
4757,宋代
4758,蘇菲派
4759,北高加索
4760,一二八事變
4761,1937年
4762,日軍
4763,1983年
4764,1983年
4765,江澤民
4766,新客站
4767,1987年
4768,華東建築設計院
4769,軟席候車室
4770,爲避免購票人羣與進出站人羣的對衝
4771,福建籍
4772,三成
4773,金融中心地位
4774,2004年
4775,北郊漢
4776,金朝陽集團
4777,香港
4778,香港
4779,炮台山
4780,祖籍其實藝考就名氣
4781,北宋
4782,福建
4783,六七暴動
4784,1950年
4785,新界
4786,荃灣新市鎮
4787,改變了陳灣區的面貌
4788,蔬菜
4789,荃灣
4790,廣東
4791,1945年
4792,由大陸移居
4793,場
4794,中西區
4795,潮州人
4796,語言相約
4797,英國
4798,郭春秧
4799,[PAD]
4800,郭鶴年
4801,福州
4802,太平天國戰亂
4803,北角
4804,小上海
4805,2012年
4806,汗色型行業
4807,山水瘦肉粥街
4808,1980年代
4809,香港
4810,13%
4811,青龍教
4812,多男
4813,22900人
4814,1161
4815,1954年
4816,順勢萎縮
4817,[PAD]
4818,金剛計劃
4819,蘇聯
4820,四天
4821,太平洋
4822,臺東市
4823,鯉魚山
4824,劉銘傳
4825,1976年
4826,非中國共產黨黨員
4827,繼任主席的職位，副主席缺位的時候，有全國人民代表大會進行補選
4828,1982年
4829,雅克考文
4830,新石器時代
4831,反傷
4832,民國18年
4833,民國16年
4834,民國34年
4835,晉冀魯豫漢中原解放區
4836,日[UNK]軍
4837,湖北省
4838,潛江高石碑鎮
4839,王陽明
4840,南京
4841,假宣傳假情報
4842,腹背受敵
4843,軍功
4844,正德16年
4845,高原
4846,幾座
4847,山
4848,斷層形
4849,聯邦總理
4850,不能
4851,1871年
4852,互相制衡作用
4853,大權
4854,約翰洛克
4855,英國
4856,國民議會
4857,1974年
4858,防止國家權力被濫用
4859,孫中山
4860,考試監察
4861,2005年
4862,國防部
4863,6萬人
4864,中華人民共和國
4865,安徽省
4866,一處
4867,巴丹島
4868,美國工業工程師學會
4869,科學管理
4870,科學管理
4871,科學
4872,南華早報
4873,1913年
4874,1987年
4875,日本
4876,王向偉
4877,2006年
4878,中國網通集團
4879,阿里，不哥
4880,由阿里不哥兵敗投降
4881,易經
4882,元世祖
4883,1275年
4884,颱風來襲
4885,元世祖信任阿合馬
4886,1260年
4887,忽必烈
4888,1279年
4889,忽必烈
4890,南京
4891,福建
4892,爲了徹底掃除北元勢力
4893,1388年
4894,農村
4895,副理
4896,1260年
4897,1238年
4898,法國
4899,1316年
4900,馬可波羅遊記
4901,1217年
4902,探馬赤軍
4903,官田
4904,洗馬羣
4905,自然災害
4906,畜牧業
4907,林百欣
4908,黃道婆
4909,中斷而衰
4910,元朝
4911,宋元時期
4912,元朝
4913,陳真
4914,伊斯蘭教
4915,色目人擅長理財
4916,王羲之
4917,草書
4918,景德鎮
4919,元代
4920,那吉利
4921,約魯巴
4922,下游沖積平原
4923,全球氣候
4924,外債
4925,[PAD]
4926,燕京大學
4927,工學院
4928,美國
4929,中華人民共和國
4930,2005年
4931,舊金山和約
4932,1970年代
4933,新加坡
4934,臺灣經濟
4935,2002年
4936,1970年代
4937,餘額托架
4938,1970年代
4939,原住民族
4940,1947年
4941,1950年代
4942,高雄市
4943,美麗島事件
4944,1999年
4945,19世紀
4946,中央和立法院的主要成員
4947,斯蘭政權
4948,阿姆利則慘案
4949,新國
4950,後勤補給的中斷
4951,試圖通過引入刑事司法法案，授權印度法官審理歐洲人所犯的罪行
4952,阿
4953,2011年
4954,1960年代
4955,1960年
4956,北海艦隊
